Temp,FM,Psi,Date
10.82317708,51.09261458,-0.699744064,12/15/10
11.27633333,59.2778125,-0.590704686,12/16/10
9.696135417,65.89679167,-0.52355489,12/17/10
12.62658333,69.7083125,-0.49104702,12/18/10
12.44277083,70.76352083,-0.482708265,12/19/10
12.272,70.93780208,-0.481356542,12/20/10
10.80175,70.91869792,-0.481504367,12/21/10
12.08052083,70.90282143,-0.481627281,12/22/10
10.41860417,70.91040476,-0.481568564,12/23/10
12.39826042,70.9179881,-0.481509861,12/24/10
10.83905208,70.92557143,-0.481451171,12/25/10
10.4173125,70.68268333,-0.483337661,12/26/10
10.04410417,70.74476667,-0.482854147,12/27/10
12.91078125,70.57978889,-0.484141023,12/28/10
10.77119792,70.41481111,-0.485434353,12/29/10
7.12040625,70.24983333,-0.486734184,12/30/10
5.662729167,70.36344792,-0.485838336,12/31/10
7.2355625,70.41664583,-0.485419935,1/1/11
7.798333333,70.56305208,-0.484271935,1/2/11
9.124427083,69.61684375,-0.491782593,1/3/11
10.33377083,70.02628125,-0.48850597,1/4/11
12.563375,70.55792708,-0.484312035,1/5/11
15.82370833,70.37596875,-0.485739799,1/6/11
11.68292708,69.66920833,-0.491361235,1/7/11
8.748604167,69.56411458,-0.492207572,1/8/11
9.623875,69.42091667,-0.493365181,1/9/11
8.7745,69.35880208,-0.493868905,1/10/11
12.68341667,67.61225,-0.508438637,1/11/11
13.95472917,66.27044792,-0.520190954,1/12/11
17.20273958,64.71566667,-0.534461885,1/13/11
18.96917708,62.76227083,-0.553466105,1/14/11
21.9568125,55.72069792,-0.633882299,1/15/11
19.0203125,52.93354167,-0.672069525,1/16/11
20.68323958,53.02702083,-0.670719061,1/17/11
20.20907292,52.89628125,-0.672609238,1/18/11
15.65129167,52.43720833,-0.679326236,1/19/11
15.61246875,49.21810417,-0.730205541,1/20/11
17.35988542,41.61919792,-0.884041522,1/21/11
15.31288542,41.75839583,-0.88068287,1/22/11
16.33533333,40.69330208,-0.907008476,1/23/11
16.07069792,37.81985417,-0.985977172,1/24/11
16.03319792,38.3386875,-0.970780477,1/25/11
16.560875,37.9054375,-0.983439761,1/26/11
18.40111458,33.83832292,-1.119286902,1/27/11
16.51120833,33.26357292,-1.141360786,1/28/11
12.65953125,33.61471875,-1.127778677,1/29/11
9.85884375,37.19707292,-1.004818206,1/30/11
10.07333333,68.63815625,-0.499784398,1/31/11
9.413135417,68.31929167,-0.502444462,2/1/11
10.53044792,62.74263542,-0.553663567,2/2/11
9.741729167,49.52367708,-0.725071445,2/3/11
8.29684375,45.55483333,-0.797513791,2/4/11
11.07954167,43.30419792,-0.844934979,2/5/11
14.96234375,40.91247917,-0.901471248,2/6/11
17.07209375,37.49297917,-0.995782627,2/7/11
12.60189583,35.91235417,-1.045898333,2/8/11
12.89311458,32.69723958,-1.163924598,2/9/11
14.12852083,26.25425,-1.494789113,2/10/11
15.84677083,23.770625,-1.674099257,2/11/11
19.04675,22.01713542,-1.826922654,2/12/11
15.92471875,21.80497917,-1.847200417,2/13/11
10.96576042,22.60201042,-1.773126939,2/14/11
11.63857292,24.0501875,-1.65193303,2/15/11
11.87271875,45.21897917,-0.804269926,2/16/11
8.5089375,67.94875,-0.505569203,2/17/11
8.799697917,66.5728125,-0.517498407,2/18/11
9.362604167,69.669375,-0.491359895,2/19/11
6.64896875,70.19172917,-0.487193534,2/20/11
7.3815625,69.44090625,-0.493203279,2/21/11
7.833583333,67.76964583,-0.507092681,2/22/11
7.799041667,64.70153125,-0.534594999,2/23/11
8.813885417,61.09730208,-0.57069277,2/24/11
8.687885417,57.4124375,-0.612633393,2/25/11
7.891083333,66.380625,-0.519206791,2/26/11
5.263958333,67.94307292,-0.505617361,2/27/11
9.2076875,64.61758333,-0.535386822,2/28/11
9.288479167,57.1249375,-0.616149567,3/1/11
10.12026042,53.85938542,-0.658915161,3/2/11
12.6196875,52.72679167,-0.675074579,3/3/11
11.85870833,51.78010417,-0.689162694,3/4/11
19.08110417,45.72041667,-0.794221947,3/5/11
14.25886458,39.18645833,-0.946874526,3/6/11
11.0624375,58.06207292,-0.604825366,3/7/11
10.84827083,67.36890625,-0.510532816,3/8/11
17.530125,63.27665306,-0.548339964,3/9/11
17.78058333,54.89096939,-0.644816975,3/10/11
14.62384375,49.75386458,-0.721248485,3/11/11
12.07852083,44.90677083,-0.810647422,3/12/11
11.78588542,40.60342708,-0.909297549,3/13/11
13.57873958,37.30630208,-1.001465004,3/14/11
15.37309375,34.51116667,-1.094443882,3/15/11
14.3015,32.07405208,-1.189740162,3/16/11
13.36286458,30.67517708,-1.251786372,3/17/11
12.28875,29.33645833,-1.317112074,3/18/11
10.99060417,27.86627083,-1.396617873,3/19/11
10.34551042,27.81470833,-1.399569749,3/20/11
8.413,66.5990625,-0.517265885,3/21/11
9.08878125,69.07773958,-0.496160326,3/22/11
8.4511875,67.71266667,-0.50757916,3/23/11
8.026083333,69.54777083,-0.492339436,3/24/11
10.29464583,69.63554167,-0.49163206,3/25/11
9.267520833,69.81961458,-0.490154731,3/26/11
10.74879167,69.72973958,-0.490875006,3/27/11
10.70876042,69.84329167,-0.489965309,3/28/11
12.20442708,68.89827083,-0.49763395,3/29/11
16.18497917,66.09192708,-0.521793056,3/30/11
22.37526042,60.04040625,-0.582159192,3/31/11
22.44321875,55.0128125,-0.643189138,4/1/11
15.60986458,49.37108333,-0.727626755,4/2/11
13.32244792,44.75901042,-0.813698932,4/3/11
14.39328125,38.36407292,-0.970048217,4/4/11
15.38123958,32.72713542,-1.162712593,4/5/11
13.22930208,30.20196875,-1.274169776,4/6/11
12.62086458,29.88498958,-1.289587885,4/7/11
8.01171875,32.559,-1.169559936,4/8/11
6.586197917,45.71095833,-0.794409294,4/9/11
10.26535417,48.3536875,-0.745105459,4/10/11
12.48523958,37.80753125,-0.986343539,4/11/11
13.02959375,30.94892708,-1.239171759,4/12/11
12.55960417,27.54317708,-1.415309721,4/13/11
12.60920833,25.43388542,-1.549876163,4/14/11
18.78069792,22.65440625,-1.768452619,4/15/11
21.31609375,21.250125,-1.902284158,4/16/11
19.07240625,20.47805208,-1.98425935,4/17/11
13.57097917,21.26702083,-1.900561381,4/18/11
14.06153125,24.07164583,-1.650254379,4/19/11
14.20598958,23.90389583,-1.663463151,4/20/11
13.46530208,24.07380208,-1.650085876,4/21/11
13.2276875,24.490875,-1.618089668,4/22/11
13.61989583,23.46214583,-1.699214778,4/23/11
12.48438542,23.52958333,-1.69366401,4/24/11
13.48071875,26.10565625,-1.504492501,4/25/11
14.65501042,23.68538542,-1.680969249,4/26/11
16.62030208,22.08288542,-1.820722902,4/27/11
18.73253125,20.70135417,-1.959877411,4/28/11
15.02496875,19.87407292,-2.0531489,4/29/11
15.40321875,18.62435417,-2.210929507,4/30/11
19.44496875,16.34140625,-2.56635979,5/1/11
20.7076875,15.25815625,-2.775077668,5/2/11
22.99728125,14.1241875,-3.030463992,5/3/11
22.72846875,13.06672917,-3.311595124,5/4/11
19.85439583,12.85613542,-3.373506793,5/5/11
15.79520833,13.4503125,-3.2041481,5/6/11
14.36961458,13.51432292,-3.18685274,5/7/11
13.22875,15.35275,-2.755594097,5/8/11
11.862,17.29673958,-2.40540521,5/9/11
12.61357292,16.16776042,-2.597805564,5/10/11
13.28517708,13.73318646,-3.12901891,5/11/11
14.97097917,12.84458021,-3.376966757,5/12/11
16.18344792,12.40424063,-3.513965399,5/13/11
13.93976042,14.41380833,-2.961145325,5/14/11
11.86318718,29.32465625,-1.317716392,5/15/11
10.54705871,53.06921875,-0.670111108,5/16/11
11.78623958,41.91930208,-0.876830159,5/17/11
12.128875,52.30482292,-0.681286698,5/18/11
12.24979167,61.70884375,-0.564249837,5/19/11
14.04953125,53.5429375,-0.663356498,5/20/11
14.75382292,43.5935625,-0.838544272,5/21/11
14.03747917,35.77336458,-1.050532106,5/22/11
13.94758333,32.57371875,-1.168957491,5/23/11
13.1919375,28.92472917,-1.338506502,5/24/11
15.18498958,24.09861458,-1.648149193,5/25/11
15.29416667,20.99912604,-1.928226724,5/26/11
15.73541667,19.26172188,-2.127722891,5/27/11
15.6880625,17.68666875,-2.345044026,5/28/11
12.883,19.4970875,-2.098466228,5/29/11
14.42835417,21.12222083,-1.915421548,5/30/11
15.945125,16.63964271,-2.513988764,5/31/11
14.12042708,15.98943021,-2.630860877,6/1/11
13.78844792,15.22620625,-2.781716978,6/2/11
15.65301042,14.049575,-3.048817688,6/3/11
14.61836458,13.36418646,-3.227698858,6/4/11
14.24133333,12.84699063,-3.376244459,6/5/11
14.84175,22.74749792,-1.760204577,6/6/11
15.29942708,24.52348958,-1.615636673,6/7/11
15.0995,17.67358125,-2.347023777,6/8/11
15.19991667,16.06182708,-2.617346676,6/9/11
14.849,16.19931771,-2.592037166,6/10/11
15.16461458,18.34497917,-2.249354234,6/11/11
15.21665625,17.4021875,-2.38879624,6/12/11
15.3701875,15.84718229,-2.657799084,6/13/11
17.55060417,13.45166563,-3.203780668,6/14/11
17.57588542,12.45727396,-3.496916409,6/15/11
16.0864375,12.39342917,-3.517460193,6/16/11
15.96213542,12.73275208,-3.410798677,6/17/11
16.975625,12.53265,-3.472950312,6/18/11
15.18460417,12.04510833,-3.633651555,6/19/11
16.90571875,12.94888333,-3.345974649,6/20/11
18.29163542,11.33705313,-3.893474023,6/21/11
18.62672917,10.86959792,-4.084925331,6/22/11
18.17032292,10.71367083,-4.152769515,6/23/11
17.8721875,10.56207083,-4.220788031,6/24/11
17.4840625,10.34507917,-4.321862399,6/25/11
17.14592708,10.15937604,-4.412036209,6/26/11
19.88509375,9.813545833,-4.589716914,6/27/11
18.17823958,9.782570833,-4.60628778,6/28/11
18.18576042,9.88423125,-4.552317933,6/29/11
18.49059375,9.634175,-4.687258697,6/30/11
21.66436866,9.131429167,-4.982568848,7/1/11
22.72776042,8.776745833,-5.212754524,7/2/11
21.18040625,8.716045833,-5.254159501,7/3/11
22.801,8.98354375,-5.076181305,7/4/11
23.6885625,8.749357292,-5.231360821,7/5/11
24.29059375,8.899157292,-5.131091533,7/6/11
24.47163542,8.411915625,-5.471259247,7/7/11
22.90976042,8.391629167,-5.486340087,7/8/11
20.36036458,8.700652083,-5.264758247,7/9/11
19.5755625,8.792465625,-5.202131361,7/10/11
18.84258333,8.821346875,-5.18271948,7/11/11
18.79728125,8.879861458,-5.143804239,7/12/11
18.1274375,9.036386458,-5.042355033,7/13/11
17.243875,9.700879167,-4.650534176,7/14/11
18.56308333,10.45060833,-4.272146106,7/15/11
18.29816667,9.312107292,-4.8725107,7/16/11
18.39873958,8.945442708,-5.100836378,7/17/11
20.61884375,8.634583333,-5.310706609,7/18/11
22.24634375,8.368059375,-5.503960015,7/19/11
20.17544792,8.262477083,-5.584210529,7/20/11
19.22202083,8.442285417,-5.448827431,7/21/11
19.14915625,8.517080208,-5.394311831,7/22/11
19.15177083,8.485382292,-5.417289906,7/23/11
19.31903125,8.430276042,-5.457677157,7/24/11
22.26598958,8.2752625,-5.574376019,7/25/11
22.18821875,7.702642708,-6.049203153,7/26/11
18.92314583,8.315134375,-5.543914434,7/27/11
18.97139583,8.538867708,-5.37862373,7/28/11
19.81088542,8.657097917,-5.294964257,7/29/11
19.66038542,8.673445833,-5.283588474,7/30/11
19.97808333,10.32410521,-4.331873123,7/31/11
22.7629375,11.14106458,-3.971650828,8/1/11
25.69838542,8.217015625,-5.619444678,8/2/11
23.92911458,7.3063625,-6.424629726,8/3/11
21.31830208,7.636161458,-6.109277773,8/4/11
18.43534375,7.852485417,-5.91778729,8/5/11
19.17009375,8.154682292,-5.668438731,8/6/11
18.41227083,8.258658333,-5.587154222,8/7/11
18.16428125,8.478855208,-5.422044268,8/8/11
18.3774375,8.524138542,-5.389220077,8/9/11
18.07072917,8.554263542,-5.367589505,8/10/11
18.08388542,8.663502083,-5.290502412,8/11/11
18.71719792,8.7108625,-5.257723801,8/12/11
19.16817708,8.872704167,-5.148534733,8/13/11
20.29420833,8.682771875,-5.27711943,8/14/11
20.19604167,8.592422917,-5.340422951,8/15/11
19.89529167,8.58915625,-5.342738459,8/16/11
19.88148958,8.410184375,-5.472543211,8/17/11
21.0654375,8.267007292,-5.580722181,8/18/11
18.99104167,8.525702083,-5.388093387,8/19/11
18.773875,8.60071875,-5.334551081,8/20/11
17.60826042,8.580077083,-5.349183946,8/21/11
19.1928125,8.639226042,-5.30745321,8/22/11
23.19653125,8.1759125,-5.651662001,8/23/11
22.97303125,8.033328125,-5.76615897,8/24/11
24.25961458,8.01199375,-5.783665967,8/25/11
25.8845,7.651755208,-6.095086471,8/26/11
27.20088542,7.443746875,-6.289629575,8/27/11
25.40707292,7.57586875,-6.164736309,8/28/11
23.906625,7.691384375,-6.059298403,8/29/11
19.7155625,8.096407292,-5.714973391,8/30/11
19.25282292,8.313314583,-5.545297922,8/31/11
18.1955625,8.373997917,-5.499510573,9/1/11
18.4020625,8.385896875,-5.490615589,9/2/11
19.03222917,8.346305208,-5.520317159,9/3/11
19.7683125,8.309657292,-5.548080322,9/4/11
21.56957292,9.157059375,-4.966673534,9/5/11
28.245,8.58615,-5.344871043,9/6/11
29.48534375,7.709366667,-6.043188885,9/7/11
28.63413542,7.204564583,-6.528218267,9/8/11
20.930875,7.53315,-6.204605126,9/9/11
16.69357292,9.368495833,-4.839091557,9/10/11
18.08051042,11.25513333,-3.925796236,9/11/11
18.04354167,9.243709375,-4.91363312,9/12/11
19.98296875,8.911538542,-5.122965396,9/13/11
18.84102083,9.181109375,-4.951844575,9/14/11
18.35260417,9.335076042,-4.858845931,9/15/11
17.05388542,9.778745833,-4.608341854,9/16/11
16.59625,10.58875521,-4.208664368,9/17/11
17.44561458,10.25465313,-4.365335003,9/18/11
19.10660417,9.555389583,-4.731341703,9/19/11
17.55567708,9.56965,-4.723304962,9/20/11
18.00876042,9.630571875,-4.689257925,9/21/11
17.67958333,9.699089583,-4.651512391,9/22/11
18.8746875,9.813267708,-4.589865206,9/23/11
17.52566667,9.9676125,-4.508930925,9/24/11
16.81322917,10.41250729,-4.289971683,9/25/11
16.79,10.60105104,-4.20309991,9/26/11
19.36422917,10.27985,-4.353139274,9/27/11
17.91569792,10.04360833,-4.470057943,9/28/11
18.03828125,10.14373542,-4.419792372,9/29/11
18.49536458,9.867525,-4.561105317,9/30/11
21.71314583,9.594580208,-4.709316444,10/1/11
23.54121875,8.787489583,-5.205489684,10/2/11
20.25810417,8.849384375,-5.164004371,10/3/11
14.76917708,10.94185521,-4.054187126,10/4/11
13.68634375,29.05761458,-1.331530551,10/5/11
13.07382292,69.63523958,-0.491634492,10/6/11
13.63055208,68.32172917,-0.502424027,10/7/11
16.51525,63.44096875,-0.546721194,10/8/11
20.06117708,55.01354167,-0.643179419,10/9/11
19.02747917,45.60860417,-0.796442007,10/10/11
19.50598958,40.05195833,-0.923584014,10/11/11
27.77304167,35.05651042,-1.075056253,10/12/11
30.6724375,29.12360417,-1.328091668,10/13/11
24.11671875,26.39286458,-1.485842735,10/14/11
17.28535417,26.64660417,-1.469723899,10/15/11
16.33034375,27.0704375,-1.443520233,10/16/11
19.80811458,26.93663542,-1.451697309,10/17/11
16.75895833,26.44685417,-1.482385319,10/18/11
15.54357292,26.98707292,-1.448604722,10/19/11
14.6809375,26.99925,-1.447859934,10/20/11
15.74436458,26.30189583,-1.491702604,10/21/11
19.03621875,25.83427083,-1.522522822,10/22/11
20.30598958,24.99745833,-1.580761013,10/23/11
14.97155208,24.85190625,-1.591319641,10/24/11
14.23173958,26.03280208,-1.509293298,10/25/11
15.19127083,28.51508333,-1.360449399,10/26/11
16.43934375,26.77444792,-1.4617264,10/27/11
17.6443125,24.1070625,-1.647490783,10/28/11
18.50957292,22.63461458,-1.770215546,10/29/11
20.24051042,21.7704375,-1.85054193,10/30/11
20.21560417,20.98017708,-1.930212208,10/31/11
15.12838542,20.83823958,-1.945207422,11/1/11
19.26320833,19.75219792,-2.067597032,11/2/11
18.43264583,17.09484167,-2.437818084,11/3/11
12.46460417,31.71257917,-1.205212161,11/4/11
9.290072917,64.94671875,-0.53229485,11/5/11
9.147083333,65.69454167,-0.525392781,11/6/11
10.28155208,68.91935417,-0.497460408,11/7/11
11.87153125,68.55635417,-0.500464291,11/8/11
15.69853125,67.00171875,-0.513723595,11/9/11
18.96708333,62.80204167,-0.553066558,11/10/11
17.7365625,58.20889583,-0.603086514,11/11/11
13.59754167,57.5099375,-0.611449491,11/12/11
14.59377083,65.52863542,-0.526909474,11/13/11
13.74592708,65.60910417,-0.526172814,11/14/11
13.69016667,64.61183333,-0.535441139,11/15/11
12.47923958,63.01382292,-0.550948043,11/16/11
15.81257292,61.11439583,-0.570510803,11/17/11
10.60483333,58.79369792,-0.596252761,11/18/11
11.65492708,57.69389583,-0.609227419,11/19/11
10.34760417,56.64097917,-0.622154764,11/20/11
10.00734375,69.17765278,-0.495343481,11/21/11
11.13190625,68.70109375,-0.499262476,11/22/11
12.64646875,68.30854167,-0.502534605,11/23/11
11.83244792,67.68514583,-0.507814442,11/24/11
10.92446875,67.00060417,-0.513733337,11/25/11
16.98958333,65.99902083,-0.522630496,11/26/11
23.6,62.54121875,-0.555696755,11/27/11
21.634625,57.22947917,-0.614866631,11/28/11
18.759875,53.67797917,-0.661454338,11/29/11
17.00969792,51.32917708,-0.696068827,11/30/11
11.92963542,49.0098125,-0.733744438,12/1/11
13.15970833,46.23696875,-0.784114752,12/2/11
10.5231875,44.63470833,-0.816282732,12/3/11
11.08254167,42.5336875,-0.862406116,12/4/11
9.850479167,40.62701042,-0.908695845,12/5/11
11.91814583,37.58547917,-0.992989336,12/6/11
12.444625,35.507375,-1.0595082,12/7/11
11.60592708,34.25380208,-1.103823091,12/8/11
12.68482292,33.92189583,-1.116143813,12/9/11
15.67677083,32.48695833,-1.172517059,12/10/11
9.491416667,31.84633333,-1.199443323,12/11/11
9.020614583,38.64472917,-0.962021068,12/12/11
9.20034375,65.80447727,-0.524392272,12/13/11
10.071625,66.05309091,-0.522142812,12/14/11
8.362625,65.81888685,-0.524261398,12/15/11
11.13052083,65.58468279,-0.526396178,12/16/11
13.738125,65.35047872,-0.528547335,12/17/11
10.72689583,64.6483125,-0.53509672,12/18/11
10.73917708,63.7492963,-0.543707768,12/19/11
10.79673958,62.678875,-0.55430568,12/20/11
11.04132292,61.127875,-0.570367391,12/21/11
9.575604167,58.9825,-0.59407745,12/22/11
13.70804167,53.60142708,-0.662531371,12/23/11
16.49053125,47.10072917,-0.76774322,12/24/11
17.72671875,42.04494792,-0.873843651,12/25/11
15.5435625,38.56258333,-0.96435761,12/26/11
13.32653125,36.55039583,-1.025110099,12/27/11
16.612625,34.98382292,-1.077603034,12/28/11
16.41292708,33.03653125,-1.150307167,12/29/11
15.748875,31.55315625,-1.21215648,12/30/11
15.55016667,30.78780208,-1.246567461,12/31/11
19.44420833,29.821375,-1.292724417,1/1/12
20.61966667,28.38273958,-1.367683389,1/2/12
21.09765625,27.22940625,-1.433916867,1/3/12
23.16872917,25.800125,-1.52482016,1/4/12
22.79010417,23.65579167,-1.683366785,1/5/12
17.55496875,23.23178125,-1.718436258,1/6/12
11.38897917,23.69423958,-1.680253174,1/7/12
16.30203125,23.36439583,-1.707321446,1/8/12
18.19809375,21.4360625,-1.883485027,1/9/12
13.84009375,21.26855208,-1.900405392,1/10/12
12.79765625,21.67263542,-1.860065004,1/11/12
18.39475,21.10861458,-1.91682911,1/12/12
18.95663542,19.50372917,-2.097651606,1/13/12
16.10425,18.52070521,-2.225040482,1/14/12
12.85377083,19.12555208,-2.145001256,1/15/12
9.57221875,49.69280208,-0.72225892,1/16/12
8.344583333,61.06666667,-0.571019164,1/17/12
8.764208333,60.99060417,-0.571831061,1/18/12
10.25776042,60.50316667,-0.57708588,1/19/12
10.56473958,59.19320833,-0.59166727,1/20/12
10.85866667,61.43753125,-0.567091329,1/21/12
10.57063542,68.54845833,-0.500530008,1/22/12
9.402791667,68.67620833,-0.499468721,1/23/12
11.01995833,70.03432292,-0.488442026,1/24/12
18.66728125,69.714375,-0.490998339,1/25/12
20.31669792,68.88090625,-0.497776967,1/26/12
16.93454167,67.02020833,-0.51356203,1/27/12
18.54663542,61.58635417,-0.56552937,1/28/12
20.32817708,52.54172917,-0.677785879,1/29/12
15.16967347,46.80859375,-0.773207951,1/30/12
10.30457292,44.22585417,-0.824891041,1/31/12
12.37422917,42.30795833,-0.867653516,2/1/12
14.35104167,40.23909375,-0.918689073,2/2/12
14.96070833,37.28117708,-1.002234449,2/3/12
16.14013542,31.94663542,-1.195151183,2/4/12
16.62654167,27.9360625,-1.392640971,2/5/12
16.57098958,25.36158333,-1.554914217,2/6/12
14.52839583,24.77125,-1.597227787,2/7/12
14.22845833,26.07782292,-1.506323218,2/8/12
20.16527083,24.57336458,-1.611898968,2/9/12
16.78642708,22.66607292,-1.767414964,2/10/12
12.12517708,23.1135,-1.728464939,2/11/12
11.39313542,24.24491667,-1.636816128,2/12/12
10.8486875,24.16434375,-1.643039418,2/13/12
8.713927083,26.5663125,-1.474788807,2/14/12
8.701760417,28.74075,-1.348278652,2/15/12
9.916333333,63.75713542,-0.54363156,2/16/12
16.5063125,63.12071875,-0.549884505,2/17/12
10.78429167,59.32646875,-0.59015243,2/18/12
9.844958333,55.66076042,-0.634660507,2/19/12
9.649552083,53.08669792,-0.669859586,2/20/12
13.13866667,49.75761458,-0.721186518,2/21/12
16.91588542,43.30432292,-0.844932199,2/22/12
17.36914583,37.18073958,-1.005321431,2/23/12
15.85696875,32.90830208,-1.155418313,2/24/12
13.02176042,30.12540625,-1.277862038,2/25/12
10.86355208,27.95873958,-1.391353348,2/26/12
9.943854167,27.23783333,-1.43341113,2/27/12
7.589708333,64.00215625,-0.541259632,2/28/12
7.48503125,65.29603125,-0.529049799,2/29/12
10.91261458,63.44714583,-0.546660515,3/1/12
11.4839375,59.82822917,-0.58451341,3/2/12
17.71790625,53.34816667,-0.666118138,3/3/12
22.17265625,43.92436458,-0.831348721,3/4/12
21.67591667,35.86863542,-1.04735173,3/5/12
12.59839583,31.63738542,-1.208478203,3/6/12
9.02540625,29.97890625,-1.284983334,3/7/12
14.03121875,25.82833125,-1.522921971,3/8/12
19.63720833,21.97876354,-1.83055919,3/9/12
17.86620833,19.64571667,-2.080377316,3/10/12
11.96721875,19.43478854,-2.106136401,3/11/12
11.68408333,19.8477375,-2.056254852,3/12/12
11.5949375,19.72173542,-2.071238178,3/13/12
10.85147917,19.39635833,-2.110894178,3/14/12
11.87083333,19.26306979,-2.127553162,3/15/12
11.3500625,19.66639792,-2.077883485,3/16/12
10.6709375,34.91025,-1.080192395,3/17/12
6.803072917,68.96809375,-0.497059656,3/18/12
8.7199375,68.19722917,-0.50346979,3/19/12
9.86409375,65.32897917,-0.528745634,3/20/12
14.59628125,60.93803125,-0.572393497,3/21/12
15.3973125,54.4194375,-0.651190226,3/22/12
12.15410417,48.75394792,-0.738135902,3/23/12
11.60416667,44.774,-0.813388389,3/24/12
10.35795833,43.48034375,-0.841033905,3/25/12
10.25717708,68.38313542,-0.501909733,3/26/12
10.77572917,68.21789583,-0.503295914,3/27/12
10.98689583,66.70122917,-0.516362761,3/28/12
12.60363542,64.29548958,-0.538445448,3/29/12
13.0428125,61.18664583,-0.569742887,3/30/12
11.62920833,57.39319792,-0.612867519,3/31/12
11.482,62.948125,-0.551603608,4/1/12
15.50344792,64.2014375,-0.539344769,4/2/12
16.19759375,60.84836458,-0.573355167,4/3/12
15.3955625,54.5855,-0.648932275,4/4/12
12.29996875,48.23638542,-0.747171445,4/5/12
11.21742708,43.01382292,-0.851440531,4/6/12
19.83460417,37.827,-0.985764839,4/7/12
17.90926042,31.87348958,-1.198278395,4/8/12
17.03836458,27.35403125,-1.426471708,4/9/12
12.79015625,24.49085417,-1.618091237,4/10/12
11.61575,39.42690625,-0.940294315,4/11/12
11.49329167,59.99605208,-0.582649853,4/12/12
9.89378125,60.49248958,-0.577201998,4/13/12
9.38071875,67.91478125,-0.505857484,4/14/12
10.95251042,67.25438542,-0.511523977,4/15/12
15.04982292,65.442125,-0.527703604,4/16/12
18.77635417,61.43921875,-0.567073572,4/17/12
17.55192708,54.447375,-0.650809329,4/18/12
15.67191667,47.29313542,-0.764183482,4/19/12
17.153875,41.39609375,-0.889475143,4/20/12
16.69753125,35.90513542,-1.046138054,4/21/12
15.4368125,31.18561458,-1.228455922,4/22/12
12.887625,36.91433333,-1.013596623,4/23/12
14.00092708,61.50498958,-0.566382323,4/24/12
16.86725,61.41283333,-0.567351328,4/25/12
14.73794792,62.01327083,-0.561093194,4/26/12
14.78811458,63.81897917,-0.543031042,4/27/12
15.73410417,62.14459375,-0.559741704,4/28/12
15.91194792,55.7569375,-0.633412645,4/29/12
15.02601042,46.72030208,-0.774873942,4/30/12
13.18135417,49.5095625,-0.725307098,5/1/12
12.94554167,63.67389583,-0.544441807,5/2/12
13.89886458,65.23383333,-0.529624885,5/3/12
14.36370833,65.12960417,-0.530591231,5/4/12
15.31834375,63.4005,-0.547119042,5/5/12
15.03883333,57.28895833,-0.614138938,5/6/12
15.17859375,47.72076042,-0.756381858,5/7/12
16.79495833,39.1195,-0.94872235,5/8/12
19.46579167,32.3705625,-1.177324571,5/9/12
16.98460417,26.26208333,-1.494280844,5/10/12
15.48659375,22.71912813,-1.762710516,5/11/12
17.30723958,20.72483125,-1.957346642,5/12/12
15.94157292,19.46995104,-2.10180078,5/13/12
16.65984375,18.3371,-2.250456091,5/14/12
16.26411458,17.11700729,-2.434219606,5/15/12
18.26680208,16.45680625,-2.545854355,5/16/12
18.20888542,15.86785208,-2.653852646,5/17/12
16.54834375,15.68574167,-2.689005697,5/18/12
16.25994792,15.30738854,-2.76490509,5/19/12
18.45021875,14.71938542,-2.891167523,5/20/12
18.61284375,13.89251146,-3.08814311,5/21/12
18.15155208,13.35916146,-3.229082954,5/22/12
17.49019792,13.03649792,-3.320351163,5/23/12
15.74141667,13.24195,-3.261686926,5/24/12
14.55225,17.01668646,-2.450586249,5/25/12
13.3411875,22.03596667,-1.825142957,5/26/12
13.74661458,16.94681563,-2.462107718,5/27/12
17.71290625,14.09200313,-3.038355422,5/28/12
18.84545833,12.47104479,-3.492514775,5/29/12
17.55055208,11.61725417,-3.786600682,5/30/12
18.26540625,11.42586146,-3.858993804,5/31/12
18.55407292,11.13015833,-3.976087729,6/1/12
17.840875,11.05594167,-4.006529517,6/2/12
17.31307292,10.91449792,-4.065773675,6/3/12
16.6394375,10.88167188,-4.079758678,6/4/12
16.9975625,11.48870417,-3.834939312,6/5/12
16.71527083,10.52104479,-4.239556011,6/6/12
19.12078125,9.81479375,-4.589051654,6/7/12
18.23729167,9.66650625,-4.669390738,6/8/12
16.1084375,9.8927875,-4.547829694,6/9/12
16.34064583,9.89603125,-4.546130334,6/10/12
16.71884375,9.773491667,-4.611166214,6/11/12
18.54714583,9.716478125,-4.642023862,6/12/12
17.61028125,9.632664583,-4.688096571,6/13/12
16.68620833,9.685167708,-4.65913552,6/14/12
16.17810417,9.705721875,-4.647889009,6/15/12
17.96165625,9.749683333,-4.624005128,6/16/12
19.1203125,9.521076042,-4.750785368,6/17/12
19.56084375,9.279015625,-4.89232518,6/18/12
18.11278125,9.176426042,-4.954725745,6/19/12
17.6013125,9.087722917,-5.009895889,6/20/12
17.78559375,9.071579167,-5.020060931,6/21/12
17.994875,9.031004167,-5.045781034,6/22/12
17.71320833,8.826464583,-5.179293903,6/23/12
18.67667708,8.577864583,-5.350756858,6/24/12
18.06748958,8.301675,-5.554162214,6/25/12
18.519,8.034816667,-5.764941184,6/26/12
20.38352083,7.75101875,-6.006181763,6/27/12
20.29454167,7.74491875,-6.011574884,6/28/12
20.05088542,7.81020625,-5.954320884,6/29/12
20.17298958,7.645048958,-6.101181992,6/30/12
19.24917708,7.882476042,-5.892126427,7/1/12
19.0699375,8.0904875,-5.719740698,7/2/12
18.09582292,8.203163542,-5.630263582,7/3/12
17.74785417,8.352345833,-5.515766018,7/4/12
17.57464583,8.593119792,-5.339929229,7/5/12
19.18095833,8.539066667,-5.378480865,7/6/12
18.22621875,8.140747917,-5.679500982,7/7/12
19.20865625,7.954214583,-5.831584371,7/8/12
22.62420833,7.475152083,-6.25951452,7/9/12
23.24953125,7.311051042,-6.419933042,7/10/12
23.11219792,7.380478125,-6.35113233,7/11/12
21.54432292,7.839778125,-5.928723395,7/12/12
23.02961458,33.66315313,-1.125929052,7/13/12
21.83829167,49.81434375,-0.720250316,7/14/12
19.03869792,36.08155208,-1.040308982,7/15/12
17.988,25.31687708,-1.558044785,7/16/12
17.81092708,19.63375833,-2.081821866,7/17/12
19.70857292,16.81957396,-2.483352666,7/18/12
25.82263542,13.92139688,-3.080839544,7/19/12
24.27364583,11.60577083,-3.790872162,7/20/12
22.69055208,10.62371875,-4.192877796,7/21/12
21.24734375,10.11838542,-4.432417901,7/22/12
20.61077083,9.865923958,-4.561949127,7/23/12
19.8309375,9.513385417,-4.755163828,7/24/12
18.67596875,9.003433333,-5.063399496,7/25/12
18.51936458,8.755645833,-5.227077709,7/26/12
18.29688542,8.488379167,-5.415109587,7/27/12
18.5275,8.302864583,-5.553255049,7/28/12
19.377,8.138367708,-5.68139464,7/29/12
19.84873958,8.245679167,-5.597181053,7/30/12
20.82115625,8.261708333,-5.584802888,7/31/12
20.63405208,8.399697917,-5.480332488,8/1/12
20.36915625,8.610294792,-5.327788119,8/2/12
20.16634375,8.234970833,-5.605479055,8/3/12
19.79042708,8.345196875,-5.521152967,8/4/12
20.822625,8.328345833,-5.533889878,8/5/12
23.04704167,7.965396875,-5.822252427,8/6/12
25.63517708,7.709167708,-6.043366682,8/7/12
25.67203125,7.551384375,-6.187528195,8/8/12
26.14232292,7.112453125,-6.624686837,8/9/12
26.42591667,7.089122917,-6.649546558,8/10/12
26.78927083,7.11520625,-6.621764725,8/11/12
27.24352083,7.152388542,-6.582535896,8/12/12
27.29565625,6.786495833,-6.988621496,8/13/12
26.06569792,6.889895833,-6.869182595,8/14/12
23.682875,7.082438542,-6.656701458,8/15/12
25.82679167,7.202482292,-6.530369898,8/16/12
28.15595833,6.75704375,-7.02335815,8/17/12
27.124875,6.771873958,-7.005826555,8/18/12
25.83952083,6.726928125,-7.059214053,8/19/12
24.89042708,6.902263542,-6.855152743,8/20/12
23.2344375,7.317097917,-6.413885173,8/21/12
21.98944792,7.777860417,-5.982558079,8/22/12
22.26672917,7.915289583,-5.864288493,8/23/12
20.5613125,8.641678125,-5.30573641,8/24/12
20.43329167,8.771960417,-5.215996515,8/25/12
20.19817708,8.212691667,-5.622817631,8/26/12
22.93367708,7.667414583,-6.080897592,8/27/12
26.70767708,6.694516667,-7.098189177,8/28/12
27.97111458,6.622996875,-7.185637455,8/29/12
24.91245833,7.151766667,-6.583188411,8/30/12
24.00636458,7.424420833,-6.308297211,8/31/12
23.77680208,7.187373958,-6.546021284,9/1/12
23.27923958,6.367730208,-7.514930739,9/2/12
23.80329167,6.614836458,-7.195743957,9/3/12
24.55634375,6.701554167,-7.089692221,9/4/12
25.01333333,6.316820833,-7.584014094,9/5/12
23.984,6.820259375,-6.949194586,9/6/12
23.58335417,7.113026042,-6.624078555,9/7/12
23.70653125,7.233241667,-6.498721064,9/8/12
24.66327083,7.246045833,-6.485631378,9/9/12
25.22267708,7.322261458,-6.408729243,9/10/12
21.97866667,8.135205208,-5.683912512,9/11/12
21.61428125,9.888333333,-4.55016512,9/12/12
22.31897917,9.025155208,-5.049509042,9/13/12
30.46739583,7.742840625,-6.013414269,9/14/12
31.79173958,6.188752292,-7.763185335,9/15/12
26.85348958,5.994069479,-8.051275131,9/16/12
21.14301042,7.342011458,-6.389079948,9/17/12
21.09439583,7.819135417,-5.946569941,9/18/12
22.23998958,7.741946875,-6.014205668,9/19/12
23.95058333,7.547359375,-6.191290111,9/20/12
24.38040625,7.527791667,-6.209640165,9/21/12
23.977625,7.724994792,-6.029253526,9/22/12
26.92847917,7.173328125,-6.560635266,9/23/12
25.03540625,6.978882292,-6.769422069,9/24/12
19.5840625,7.42685,-6.30594509,9/25/12
18.28879167,8.10043125,-5.711737088,9/26/12
19.55586458,8.276152083,-5.573692963,9/27/12
21.16386458,8.295683333,-5.558735631,9/28/12
23.95186458,7.688430208,-6.061952619,9/29/12
26.59427083,7.34175,-6.389339334,9/30/12
29.13259375,6.816045833,-6.954092069,10/1/12
29.44883333,6.619129167,-7.190424206,10/2/12
24.3729375,6.950154167,-6.801329717,10/3/12
18.5451875,8.052536458,-5.750481504,10/4/12
17.18538542,8.427404167,-5.459797444,10/5/12
18.634125,8.614219792,-5.325020785,10/6/12
19.15720833,8.711528125,-5.257265832,10/7/12
18.50479167,8.849763542,-5.163752145,10/8/12
17.80358333,8.8812375,-5.142895701,10/9/12
17.463125,9.149152083,-4.971567306,10/10/12
14.95101042,14.5369,-2.932578413,10/11/12
13.96058333,34.97579167,-1.077885123,10/12/12
15.71971875,31.72790625,-1.204548461,10/13/12
22.9463125,22.30807083,-1.799785679,10/14/12
26.14171875,14.36232396,-2.973249192,10/15/12
24.45391667,11.15995104,-3.963989348,10/16/12
25.79282292,9.915448958,-4.535982514,10/17/12
24.01769792,9.418616667,-4.809746308,10/18/12
19.01945833,11.0232,-4.020098788,10/19/12
16.87755208,12.36910521,-3.525346792,10/20/12
17.25104167,17.21755208,-2.418021101,10/21/12
16.11715625,18.4878125,-2.229553955,10/22/12
15.1270625,19.68203125,-2.076002075,10/23/12
14.57639583,15.51581563,-2.722603716,10/24/12
16.11611458,12.73422708,-3.4103483,10/25/12
22.54252083,10.02070417,-4.481707347,10/26/12
25.60798958,7.51456875,-6.222098154,10/27/12
23.25661458,7.236515625,-6.495369384,10/28/12
20.65157292,7.357439583,-6.373809006,10/29/12
18.88333333,7.6825625,-6.067231028,10/30/12
15.20048958,8.70173125,-5.264013923,10/31/12
13.68876042,9.826055208,-4.583056389,11/1/12
14.31817708,10.34670625,-4.321087619,11/2/12
15.7896875,10.4529875,-4.271037625,11/3/12
23.36051042,9.515910417,-4.753725449,11/4/12
27.14819792,7.592101042,-6.149712772,11/5/12
22.41522917,7.224394792,-6.50779422,11/6/12
15.76195833,8.367494792,-5.50438338,11/7/12
14.13164583,10.69323854,-4.161816598,11/8/12
12.85446875,52.78592083,-0.674212581,11/9/12
10.845125,59.00557292,-0.593812633,11/10/12
10.22905208,53.17339583,-0.668614632,11/11/12
15.3595625,41.81469792,-0.879331174,11/12/12
19.02763542,30.5508125,-1.257597128,11/13/12
19.70858333,25.15407292,-1.569545857,11/14/12
15.95285417,23.99341667,-1.656389616,11/15/12
16.53640625,23.32060417,-1.710976795,11/16/12
15.59885417,39.27823958,-0.944352625,11/17/12
15.76594792,55.32115625,-0.639103896,11/18/12
13.5046875,56.00123958,-0.630263532,11/19/12
14.12741667,52.24084375,-0.682237961,11/20/12
13.18597917,46.80446875,-0.773285637,11/21/12
13.62784375,42.45196875,-0.864298891,11/22/12
18.0886875,38.41091667,-0.968699695,11/23/12
22.33921875,32.5961875,-1.168038958,11/24/12
16.84666667,29.438,-1.311934115,11/25/12
12.82182292,29.76155208,-1.295687091,11/26/12
12.63275,29.508375,-1.308367819,11/27/12
13.31288542,29.33526042,-1.317173389,11/28/12
14.41890625,45.75057292,-0.793625176,11/29/12
15.50447917,67.72851042,-0.507443801,11/30/12
15.3149375,69.21420833,-0.495045249,12/1/12
14.891125,69.19023958,-0.495240755,12/2/12
15.15336458,69.8078125,-0.490249202,12/3/12
14.36744792,70.35469792,-0.485907219,12/4/12
13.33997917,70.32659375,-0.486128591,12/5/12
13.9739375,70.15458333,-0.487487621,12/6/12
12.27965625,69.95883333,-0.489042916,12/7/12
13.78327083,69.66710417,-0.491378153,12/8/12
11.86619792,69.31942708,-0.494188721,12/9/12
15.45382292,68.85827083,-0.497963511,12/10/12
14.60358333,67.81419792,-0.506712912,12/11/12
11.60734375,66.48073958,-0.518315538,12/12/12
11.78959375,67.96938542,-0.505394228,12/13/12
8.783677083,69.90284375,-0.489489485,12/14/12
8.754895833,70.19947917,-0.487132218,12/15/12
9.991114583,70.38922917,-0.485635482,12/16/12
11.75797917,70.31254167,-0.486239347,12/17/12
11.77484375,70.43721875,-0.48525831,12/18/12
7.815520833,70.75730208,-0.482756629,12/19/12
11.95955208,70.78432292,-0.48254655,12/20/12
10.848,70.51576042,-0.484642201,12/21/12
9.188072917,69.93392708,-0.489241472,12/22/12
11.06,69.1150625,-0.495854895,12/23/12
11.65032292,69.5254375,-0.492519734,12/24/12
10.65341667,70.73111458,-0.482960393,12/25/12
10.4269375,70.77505208,-0.482618609,12/26/12
8.562635417,70.940125,-0.481338573,12/27/12
10.26039583,70.88638542,-0.481754589,12/28/12
8.5144375,70.76083333,-0.482729165,12/29/12
6.926729167,70.92851042,-0.481428428,12/30/12
6.764208333,70.83363542,-0.482163601,12/31/12
7.975239583,70.94877083,-0.481271706,1/1/13
12.80142708,70.67911458,-0.483365483,1/2/13
12.93158333,68.82292708,-0.498255051,1/3/13
13.8235,64.91975,-0.532546939,1/4/13
10.24366667,60.3948125,-0.578266325,1/5/13
8.887614583,60.46338542,-0.577518744,1/6/13
9.40296875,66.43569792,-0.518716158,1/7/13
13.389125,66.26148958,-0.520271129,1/8/13
14.32757292,64.92642708,-0.532484504,1/9/13
10.14944792,64.45,-0.536974124,1/10/13
5.90209375,64.13973958,-0.539936254,1/11/13
6.037770833,62.36740625,-0.557462592,1/12/13
6.5275,60.073625,-0.581792223,1/13/13
5.730302083,56.80109375,-0.620155861,1/14/13
8.007458333,51.52979167,-0.692980363,1/15/13
9.579208333,49.57834375,-0.7241601,1/16/13
17.99438542,46.23825,-0.784089983,1/17/13
19.50040625,40.65526042,-0.907976058,1/18/13
19.60639583,37.30891667,-1.001384997,1/19/13
20.2246875,34.75013542,-1.085868106,1/20/13
20.62577083,31.92835417,-1.195931326,1/21/13
20.89465625,29.86658333,-1.29049394,1/22/13
19.07296875,29.26961458,-1.320541653,1/23/13
15.19738542,47.76322917,-0.755615212,1/24/13
15.42567708,69.1748125,-0.495366666,1/25/13
14.47458333,70.52885417,-0.484539631,1/26/13
12.10189583,70.814875,-0.482309223,1/27/13
8.507208333,70.87611458,-0.481834176,1/28/13
7.888458333,70.92152083,-0.481482518,1/29/13
9.989760417,70.85522917,-0.481996089,1/30/13
14.71067708,70.497125,-0.484788251,1/31/13
16.75255208,69.17108333,-0.495397112,2/1/13
16.64785417,67.64733333,-0.508138045,2/2/13
17.56919792,66.44977083,-0.518590925,2/3/13
13.24232292,64.80838542,-0.533590291,2/4/13
9.4301875,63.17788542,-0.549317318,2/5/13
11.26251042,62.63185417,-0.55478011,2/6/13
9.519625,60.42289583,-0.577959941,2/7/13
8.443927083,59.43227083,-0.588954899,2/8/13
5.710625,67.3061875,-0.51107519,2/9/13
6.911416667,67.681875,-0.507842419,2/10/13
7.998552083,67.46495833,-0.509704275,2/11/13
8.462614583,66.10565625,-0.521669518,2/12/13
10.03390625,64.277,-0.538622022,2/13/13
12.1770625,61.68848958,-0.564462081,2/14/13
18.75898958,57.32922917,-0.613647165,2/15/13
21.37383333,49.64020833,-0.72313135,2/16/13
14.4335625,44.97898958,-0.809163783,2/17/13
10.36691667,43.15909375,-0.84817418,2/18/13
9.071447917,42.88110417,-0.854445358,2/19/13
7.383260417,63.03940625,-0.550693155,2/20/13
9.598416667,65.84279167,-0.524044418,2/21/13
9.4869375,65.19259375,-0.530006837,2/22/13
10.22201042,63.78415625,-0.543369027,2/23/13
11.28175,59.63404167,-0.586683737,2/24/13
12.49569792,49.52671875,-0.725020681,2/25/13
10.18297917,45.09786458,-0.806732723,2/26/13
16.90773958,40.92342708,-0.901196327,2/27/13
18.78490625,35.50360417,-1.059636486,2/28/13
20.252625,32.11489583,-1.188015368,3/1/13
22.10140625,28.61888542,-1.354825595,3/2/13
17.03177083,26.39610417,-1.48563485,3/3/13
13.2814375,25.4795,-1.546713447,3/4/13
11.32992708,24.92676042,-1.585873097,3/5/13
10.90919792,28.07783333,-1.384627631,3/6/13
11.01905208,34.374875,-1.099392078,3/7/13
9.10815625,49.50042708,-0.725459697,3/8/13
9.991385417,61.84427083,-0.56284147,3/9/13
11.7023125,62.43816667,-0.556742437,3/10/13
15.37220833,61.1681875,-0.569938888,3/11/13
16.23270833,58.81642708,-0.595990093,3/12/13
20.13154167,55.49865625,-0.636774224,3/13/13
20.38926042,49.94163542,-0.7181579,3/14/13
17.44675,42.30082292,-0.867820367,3/15/13
12.42678125,35.65623958,-1.054466954,3/16/13
12.54823958,30.82544792,-1.244832096,3/17/13
12.2779375,27.116875,-1.440702468,3/18/13
12.11141667,25.30729167,-1.558717547,3/19/13
13.68410417,23.34998958,-1.708522336,3/20/13
14.40708333,22.258875,-1.804321103,3/21/13
13.2615,20.05286458,-2.032293222,3/22/13
12.63186458,18.7875,-2.18905582,3/23/13
13.484875,17.77963333,-2.331070972,3/24/13
15.559125,16.72213854,-2.499854989,3/25/13
13.82457292,16.47525313,-2.542605016,3/26/13
13.78757292,15.91317604,-2.645237434,3/27/13
13.50995833,15.29603021,-2.767245778,3/28/13
14.4009375,14.76128854,-2.881813167,3/29/13
15.27252083,14.77764375,-2.878177468,3/30/13
13.55225,14.17303958,-3.018558998,3/31/13
13.71116667,15.58488021,-2.708853602,4/1/13
13.66909375,14.88919271,-2.853608412,4/2/13
14.6815625,13.64965313,-3.150858119,4/3/13
15.72828125,13.17141458,-3.281606703,4/4/13
14.77133333,13.36532708,-3.227384838,4/5/13
14.77338542,13.79704375,-3.11251463,4/6/13
14.08127083,13.06290833,-3.312699379,4/7/13
13.8359375,13.16618646,-3.28309226,4/8/13
13.61895833,12.14843958,-3.598438799,4/9/13
17.05157292,10.33420104,-4.327049025,4/10/13
17.33655208,9.114722917,-4.992981212,4/11/13
14.86519792,10.02244271,-4.4808211,4/12/13
13.25994792,10.765975,-4.129777466,4/13/13
12.25309375,12.50689375,-3.481104846,4/14/13
11.93278125,13.62952083,-3.156164412,4/15/13
11.63242708,14.08503125,-3.040069972,4/16/13
12.5944375,11.48743854,-3.835420981,4/17/13
17.42858333,8.809237917,-5.190841663,4/18/13
19.38196875,7.441232292,-6.29205262,4/19/13
19.2744375,7.062993021,-6.677598189,4/20/13
19.62532292,7.571550521,-6.168744584,4/21/13
15.3741875,8.107693958,-5.705904691,4/22/13
15.06048958,8.605346875,-5.331280513,4/23/13
13.16505208,9.569076042,-4.723627932,4/24/13
14.03848958,22.16013542,-1.813489065,4/25/13
15.61866667,21.99573854,-1.82894878,4/26/13
16.60744792,13.21703438,-3.268697316,4/27/13
16.39871875,10.96486563,-4.044489488,4/28/13
16.156875,10.13786979,-4.42270773,4/29/13
15.40370833,9.758605208,-4.619186052,4/30/13
16.52548958,9.786214583,-4.604332638,5/1/13
20.47580208,8.515975729,-5.3951094,5/2/13
28.1133125,5.588730104,-8.720281662,5/3/13
19.0888125,5.820889792,-8.324910998,5/4/13
14.71403125,7.989291667,-5.8024052,5/5/13
13.93425,31.85548333,-1.199050576,5/6/13
14.45027083,59.08833333,-0.59286458,5/7/13
14.651375,59.145875,-0.592207091,5/8/13
15.3649375,53.60205208,-0.662522564,5/9/13
16.7726875,39.919,-0.92709168,5/10/13
19.1269375,29.01036458,-1.334003152,5/11/13
24.39589583,21.13686458,-1.913908823,5/12/13
28.67195833,15.95410833,-2.637501995,5/13/13
23.0361875,13.95366042,-3.072720077,5/14/13
17.34136458,13.78631875,-3.115275137,5/15/13
16.5850625,13.42911563,-3.209914301,5/16/13
17.02425,13.06288542,-3.312706004,5/17/13
17.387375,13.09835625,-3.302481083,5/18/13
16.93795833,11.9816125,-3.655611888,5/19/13
18.51130208,11.06563854,-4.002527289,5/20/13
18.75740625,10.66580625,-4.1740215,5/21/13
18.01310417,10.23305,-4.37584247,5/22/13
16.80510417,10.52101563,-4.23956941,5/23/13
16.72727083,10.68354688,-4.166120857,5/24/13
15.11639583,9.547539583,-4.73577669,5/25/13
16.27616667,9.514321875,-4.754630274,5/26/13
15.84802083,9.25109375,-4.909162127,5/27/13
17.8150625,9.302461458,-4.878270814,5/28/13
18.09369792,8.981707292,-5.077364538,5/29/13
19.092125,8.52056875,-5.391794132,5/30/13
18.80797917,8.514048958,-5.396501293,5/31/13
19.75372917,8.512709375,-5.397469401,6/1/13
18.25770833,8.569320833,-5.356838943,6/2/13
18.0493125,8.302977083,-5.553169273,6/3/13
17.58154167,8.218902083,-5.617974315,6/4/13
18.00545833,8.078448958,-5.729458596,6/5/13
17.31103125,7.820461458,-5.945420488,6/6/13
17.42613542,7.832898958,-5.934659561,6/7/13
18.2450625,7.675515625,-6.073581592,6/8/13
17.6033125,7.59163875,-6.150139688,6/9/13
17.56727083,7.386828438,-6.344908368,6/10/13
19.20815625,7.27366625,-6.457562931,6/11/13
18.0235,7.849798958,-5.920096142,6/12/13
19.057625,7.610743333,-6.132543283,6/13/13
18.15636458,6.924777604,-6.829750557,6/14/13
16.99013542,6.878193125,-6.882507792,6/15/13
17.7266875,6.693065833,-7.099943265,6/16/13
18.47907292,6.574027917,-7.246687415,6/17/13
18.49670833,6.509759063,-7.328304149,6/18/13
19.28322917,6.631183125,-7.175525699,6/19/13
19.64394792,6.257553958,-7.665954567,6/20/13
19.796125,6.126338333,-7.853411866,6/21/13
18.79680208,6.100845938,-7.890832461,6/22/13
18.27151042,6.310833854,-7.592216737,6/23/13
17.58554167,6.987419792,-6.759993774,6/24/13
18.61938542,6.968279167,-6.781165934,6/25/13
21.54369792,6.666960833,-7.131644371,6/26/13
24.07145833,6.077700417,-7.925099057,6/27/13
25.37453125,5.691482813,-8.541034969,6/28/13
26.23990625,5.568290833,-8.756781447,6/29/13
27.57271875,5.679913333,-8.560870751,6/30/13
24.62311458,6.293210521,-7.616459064,7/1/13
23.43225,6.161474479,-7.802377937,7/2/13
21.84029167,6.817494792,-6.952407185,7/3/13
21.26871875,6.535584792,-7.295300938,7/4/13
20.2451875,6.352614479,-7.535318932,7/5/13
20.96672917,6.574116667,-7.24657589,7/6/13
21.66677083,6.318773021,-7.581343035,7/7/13
21.79630208,5.856224479,-8.26767303,7/8/13
24.89277083,5.258699688,-9.346868806,7/9/13
22.11870833,6.050292708,-7.966038639,7/10/13
20.67953125,8.121230208,-5.695064043,7/11/13
21.97432292,8.094432083,-5.71656323,7/12/13
21.12171875,6.302522708,-7.603631319,7/13/13
21.60088542,5.912668438,-8.177758274,7/14/13
22.165125,5.814544271,-8.335268838,7/15/13
21.32029167,5.500909479,-8.879165694,7/16/13
21.69670833,5.19241625,-9.483011084,7/17/13
22.03219792,5.096902083,-9.685862902,7/18/13
20.12044792,5.685934271,-8.550537122,7/19/13
18.70872917,7.003640625,-6.742148222,7/20/13
18.33694792,10.90550938,-4.069594142,7/21/13
20.80316667,9.204698438,-4.937380355,7/22/13
20.94091667,6.614902292,-7.195662317,7/23/13
21.07596875,6.016265,-8.017422252,7/24/13
20.53548958,5.909741771,-8.182375264,7/25/13
21.13119792,5.979068333,-8.074307396,7/26/13
20.67223958,5.947442708,-8.123271788,7/27/13
19.22990625,6.109878542,-7.877535172,7/28/13
19.24348958,5.826008542,-8.316573216,7/29/13
18.31060417,5.72569125,-8.482886446,7/30/13
17.60116667,5.782213021,-8.388421198,7/31/13
18.27578125,5.803781875,-8.352891791,8/1/13
19.12508333,5.726612396,-8.481330931,8/2/13
18.97386458,5.812645833,-8.338372375,8/3/13
19.1745,5.986914479,-8.062245278,8/4/13
18.93878125,5.719138646,-8.493967132,8/5/13
19.0629375,5.647723229,-8.616518131,8/6/13
18.46742708,5.653947917,-8.605704565,8/7/13
18.40632292,5.657115833,-8.600211017,8/8/13
17.77375,5.688455729,-8.54621654,8/9/13
17.76713542,5.725341563,-8.483477095,8/10/13
18.08540625,5.703999375,-8.519672364,8/11/13
18.89019792,5.641064375,-8.628114205,8/12/13
19.69070833,5.700013646,-8.526464102,8/13/13
19.65208333,5.810310729,-8.342192743,8/14/13
20.445875,5.757864792,-8.428871278,8/15/13
22.34114583,5.639059375,-8.631611556,8/16/13
22.5970625,5.318530104,-9.227096015,8/17/13
20.98976042,5.447585521,-8.978315526,8/18/13
20.16875,5.762949792,-8.420393275,8/19/13
20.5344375,5.769469688,-8.409546325,8/20/13
22.79965625,5.459636042,-8.955727686,8/21/13
23.97551042,5.12908125,-9.616618086,8/22/13
23.97558333,4.857769375,-10.2312673,8/23/13
21.38894792,5.223789792,-9.418110885,8/24/13
21.79053125,5.417373229,-9.035419175,8/25/13
25.30202083,5.326037604,-9.212270215,8/26/13
26.271625,5.231010938,-9.403290921,8/27/13
26.39194792,4.862518125,-10.21987733,8/28/13
27.64029348,4.807854787,-10.35244564,8/29/13
24.91245833,7.151766667,-6.583188411,8/30/13
24.00636458,7.424420833,-6.308297211,8/31/13
23.77680208,7.187373958,-6.546021284,9/1/13
23.27923958,6.367730208,-7.514930739,9/2/13
23.80329167,6.614836458,-7.195743957,9/3/13
24.55634375,6.701554167,-7.089692221,9/4/13
25.01333333,6.316820833,-7.584014094,9/5/13
23.984,6.820259375,-6.949194586,9/6/13
23.58335417,7.113026042,-6.624078555,9/7/13
23.70653125,7.233241667,-6.498721064,9/8/13
24.66327083,7.246045833,-6.485631378,9/9/13
25.22267708,7.322261458,-6.408729243,9/10/13
21.97866667,8.135205208,-5.683912512,9/11/13
21.61428125,9.888333333,-4.55016512,9/12/13
22.31897917,9.025155208,-5.049509042,9/13/13
30.46739583,7.742840625,-6.013414269,9/14/13
31.79173958,6.188752292,-7.763185335,9/15/13
26.85348958,5.994069479,-8.051275131,9/16/13
21.14301042,7.342011458,-6.389079948,9/17/13
21.09439583,7.819135417,-5.946569941,9/18/13
22.23998958,7.741946875,-6.014205668,9/19/13
23.95058333,7.547359375,-6.191290111,9/20/13
24.38040625,7.527791667,-6.209640165,9/21/13
23.977625,7.724994792,-6.029253526,9/22/13
26.92847917,7.173328125,-6.560635266,9/23/13
25.03540625,6.978882292,-6.769422069,9/24/13
19.5840625,7.42685,-6.30594509,9/25/13
18.28879167,8.10043125,-5.711737088,9/26/13
19.55586458,8.276152083,-5.573692963,9/27/13
21.16386458,8.295683333,-5.558735631,9/28/13
23.95186458,7.688430208,-6.061952619,9/29/13
26.59427083,7.34175,-6.389339334,9/30/13
29.13259375,6.816045833,-6.954092069,10/1/13
29.44883333,6.619129167,-7.190424206,10/2/13
24.3729375,6.950154167,-6.801329717,10/3/13
18.5451875,8.052536458,-5.750481504,10/4/13
17.18538542,8.427404167,-5.459797444,10/5/13
18.634125,8.614219792,-5.325020785,10/6/13
19.15720833,8.711528125,-5.257265832,10/7/13
18.50479167,8.849763542,-5.163752145,10/8/13
17.80358333,8.8812375,-5.142895701,10/9/13
17.463125,9.149152083,-4.971567306,10/10/13
14.95101042,14.5369,-2.932578413,10/11/13
13.96058333,34.97579167,-1.077885123,10/12/13
15.71971875,31.72790625,-1.204548461,10/13/13
22.9463125,22.30807083,-1.799785679,10/14/13
26.14171875,14.36232396,-2.973249192,10/15/13
24.45391667,11.15995104,-3.963989348,10/16/13
25.79282292,9.915448958,-4.535982514,10/17/13
24.01769792,9.418616667,-4.809746308,10/18/13
19.01945833,11.0232,-4.020098788,10/19/13
16.87755208,12.36910521,-3.525346792,10/20/13
17.25104167,17.21755208,-2.418021101,10/21/13
16.11715625,18.4878125,-2.229553955,10/22/13
15.1270625,19.68203125,-2.076002075,10/23/13
14.57639583,15.51581563,-2.722603716,10/24/13
16.11611458,12.73422708,-3.4103483,10/25/13
22.54252083,10.02070417,-4.481707347,10/26/13
25.60798958,7.51456875,-6.222098154,10/27/13
23.25661458,7.236515625,-6.495369384,10/28/13
20.65157292,7.357439583,-6.373809006,10/29/13
18.88333333,7.6825625,-6.067231028,10/30/13
15.20048958,8.70173125,-5.264013923,10/31/13
13.68876042,9.826055208,-4.583056389,11/1/13
14.31817708,10.34670625,-4.321087619,11/2/13
15.7896875,10.4529875,-4.271037625,11/3/13
23.36051042,9.515910417,-4.753725449,11/4/13
27.14819792,7.592101042,-6.149712772,11/5/13
22.41522917,7.224394792,-6.50779422,11/6/13
15.76195833,8.367494792,-5.50438338,11/7/13
14.13164583,10.69323854,-4.161816598,11/8/13
12.85446875,52.78592083,-0.674212581,11/9/13
10.845125,59.00557292,-0.593812633,11/10/13
10.22905208,53.17339583,-0.668614632,11/11/13
15.3595625,41.81469792,-0.879331174,11/12/13
19.02763542,30.5508125,-1.257597128,11/13/13
19.70858333,25.15407292,-1.569545857,11/14/13
15.95285417,23.99341667,-1.656389616,11/15/13
16.53640625,23.32060417,-1.710976795,11/16/13
15.59885417,39.27823958,-0.944352625,11/17/13
15.76594792,55.32115625,-0.639103896,11/18/13
13.5046875,56.00123958,-0.630263532,11/19/13
14.12741667,52.24084375,-0.682237961,11/20/13
13.18597917,46.80446875,-0.773285637,11/21/13
13.62784375,42.45196875,-0.864298891,11/22/13
18.0886875,38.41091667,-0.968699695,11/23/13
22.33921875,32.5961875,-1.168038958,11/24/13
16.84666667,29.438,-1.311934115,11/25/13
12.82182292,29.76155208,-1.295687091,11/26/13
12.63275,29.508375,-1.308367819,11/27/13
13.31288542,29.33526042,-1.317173389,11/28/13
14.41890625,45.75057292,-0.793625176,11/29/13
15.50447917,67.72851042,-0.507443801,11/30/13
15.3149375,69.21420833,-0.495045249,12/1/13
14.891125,69.19023958,-0.495240755,12/2/13
15.15336458,69.8078125,-0.490249202,12/3/13
14.36744792,70.35469792,-0.485907219,12/4/13
13.33997917,70.32659375,-0.486128591,12/5/13
13.9739375,70.15458333,-0.487487621,12/6/13
12.27965625,69.95883333,-0.489042916,12/7/13
13.78327083,69.66710417,-0.491378153,12/8/13
11.86619792,69.31942708,-0.494188721,12/9/13
15.45382292,68.85827083,-0.497963511,12/10/13
14.60358333,67.81419792,-0.506712912,12/11/13
11.60734375,66.48073958,-0.518315538,12/12/13
11.78959375,67.96938542,-0.505394228,12/13/13
8.783677083,69.90284375,-0.489489485,12/14/13
8.754895833,70.19947917,-0.487132218,12/15/13
9.991114583,70.38922917,-0.485635482,12/16/13
11.75797917,70.31254167,-0.486239347,12/17/13
11.77484375,70.43721875,-0.48525831,12/18/13
7.815520833,70.75730208,-0.482756629,12/19/13
11.95955208,70.78432292,-0.48254655,12/20/13
10.848,70.51576042,-0.484642201,12/21/13
9.188072917,69.93392708,-0.489241472,12/22/13
11.06,69.1150625,-0.495854895,12/23/13
11.65032292,69.5254375,-0.492519734,12/24/13
10.65341667,70.73111458,-0.482960393,12/25/13
10.4269375,70.77505208,-0.482618609,12/26/13
8.562635417,70.940125,-0.481338573,12/27/13
10.26039583,70.88638542,-0.481754589,12/28/13
8.5144375,70.76083333,-0.482729165,12/29/13
6.926729167,70.92851042,-0.481428428,12/30/13
6.764208333,70.83363542,-0.482163601,12/31/13
