,desert,scrubland,grassland,pineoak,subalpine
0,-1.1528234043319388,-1.15902020159393,-0.6997440640000001,-0.7293173447816365,-0.5750064705993395
1,-0.07854372038114797,-1.003612954737914,-0.590704686,-0.06387911216170755,-0.7050320388425985
2,-0.9594246890321183,-0.5948155955219382,-0.52355489,-0.5731019255886882,-1.0324851388646161
3,-0.2900028745487026,-0.2438312666487422,-0.49104702,-0.08308904107233342,-0.7492019189242182
4,-0.05734290237278379,-0.1357340328106646,-0.482708265,-0.43612956585947327,-0.2744922104266977
5,-0.7143665525032958,-0.5192146641836324,-0.4813565420000001,-0.5679118871440879,-0.29315300383474774
6,-0.8460644359724651,-0.437498777955658,-0.481504367,-0.7951807318619595,-0.7229169620098103
7,-0.25349124586292515,-0.22806031668480892,-0.481627281,-0.43731509141053826,-0.3244963883540299
8,-0.7655159065078985,-0.49213234409544987,-0.481568564,-0.1597031251402313,-0.6139479536640742
9,-0.07351357080327126,-0.7461715904097141,-0.481509861,-0.4856149627308816,-0.009609053732536428
10,-0.24735960020173606,-0.3131989839171594,-0.481451171,-0.8260690692162973,-0.003951194604858772
11,-0.30360908994863217,-0.2662694803271179,-0.483337661,-0.8647465518166972,-0.30421906805280424
12,-0.6587373700059773,-0.15274993023916333,-0.482854147,-0.17114759319745987,-0.4740326919532658
13,-0.47308640963109583,-0.3351395884090386,-0.484141023,-0.78492294555153,-0.2294641803096478
14,-0.44248545858453237,-0.7976750451723997,-0.485434353,-0.5579424182460331,-0.3851677730202988
15,-0.5049010692101003,-0.5071804283638535,-0.486734184,-0.4468100906140312,-0.09033662720051802
16,-0.3611569043974537,-0.22893353338153363,-0.485838336,-0.32627404928218123,-0.7567702717898029
17,-0.8424224430373106,-0.9541223933604925,-0.485419935,-0.32118516401327946,-0.7857706309796694
18,-0.8994310499716323,-0.2562250343715736,-0.484271935,-0.08627959381042363,-0.9484423150231117
19,-0.7386835725082628,-0.7427941217830824,-0.491782593,-0.572547597545209,-0.1671351139712252
20,-0.4806558627960443,-0.12993042085702816,-0.48850597,-0.4710863753438124,-0.18859981282062957
21,-0.9308873051771197,-0.295936579406753,-0.484312035,-0.5592019474890779,-0.7219346299220991
22,-0.129309810542918,-0.5810296908359028,-0.485739799,-0.9487681812267365,-0.020123509327582563
23,-0.5463567317596301,-0.7831696557109142,-0.491361235,-0.015678103360979752,-0.4033260761388284
24,-0.6111462600233921,-0.4599204093511345,-0.492207572,-0.8688440172364679,-0.5312172402567775
25,-0.8516447382053461,-0.9133590219317336,-0.493365181,-0.5183243288869834,-0.9454039379161838
26,-0.7054940395285608,-0.022193867250737787,-0.493868905,-0.3045962918058604,-0.35484861609351237
27,-0.1971827450170037,-0.7848931414959437,-0.508438637,-0.3531280581230939,-0.5405790960413333
28,-0.15420928906279482,-0.1032968599552575,-0.520190954,-0.9721284205497939,-0.8783787630544272
29,-0.19686178430457055,-0.518727203401509,-0.534461885,-0.11573182645041218,-0.12241195353086542
30,-0.08891586748317457,-0.4980868730450278,-0.553466105,-0.2071646410607612,-0.23896705638509932
31,-0.08954134593879441,-0.834826427522603,-0.633882299,-0.5516534250385454,-0.250067878935993
32,-0.7178035891888276,-0.43445197896021115,-0.672069525,-1.059297603860741,-0.9459596956218742
33,-1.0183271465018724,-1.130838206324306,-0.670719061,-0.3878048285444546,-1.0740768347371425
34,-0.421641998740574,-0.8760510023514687,-0.6726092379999999,-1.342702358032144,-0.7153247525284014
35,-0.6565906386987895,-1.1601210404330986,-0.679326236,-0.973664719294867,-1.0834882519072944
36,-0.8331986062791232,-0.07842969499339734,-0.7302055409999999,-0.2834793158508898,-0.25311400248709065
37,-1.6946795491096065,-0.8944256800568191,-0.8840415220000001,-0.9040636940835945,-0.4208867776588911
38,-1.3646360665516737,-1.432370420427631,-0.88068287,-0.5895174611078855,-1.6338995836368613
39,-1.2897603051539706,-0.4794757558802728,-0.907008476,-1.2370093132599544,-1.6983167988691634
40,-0.6974266105104604,-0.015044818110566209,-0.985977172,-1.5724615918638998,-1.935141743117199
41,-0.5840663445597287,-0.7284577544869169,-0.970780477,-1.6234639165185103,-0.8439706637438753
42,-1.7558036900387424,-0.6038520772307123,-0.983439761,-1.0123273005449729,-0.37056770387162147
43,-0.31204666207139303,-0.8039482216318072,-1.119286902,-1.538005657994316,-0.480867294347204
44,-1.3434167676246889,-0.6514363922258708,-1.141360786,-1.8473203272678282,-1.6837514959759372
45,-0.6609105275222781,-1.0803335119522892,-1.127778677,-2.0486325945307766,-0.6074461003943786
46,-0.4720960182172675,-0.5491727870685327,-1.004818206,-0.2485463466246682,-1.9837110622979632
47,-1.194169897866443,-0.3474034974436557,-0.499784398,-0.653214731636104,-0.523878840322734
48,-1.1561817030640933,-0.15144604807550333,-0.502444462,-0.39623497260353857,-0.9381069150286121
49,-1.356949562648201,-0.6253147983707027,-0.5536635670000001,-0.29368249892687753,-0.115498546634003
50,-1.649767849136831,-0.5125323463765248,-0.725071445,-0.06683007171894582,-0.9907749122498657
51,-1.8747785897460336,-0.10785527299540973,-0.797513791,-1.4627840868787472,-0.5797645304228364
52,-2.0539480558863468,-0.28471953033895503,-0.844934979,-0.9724003474470905,-1.0627869115482118
53,-2.2097014239587773,-1.2817192876334527,-0.901471248,-0.11874749991894495,-0.278742332741145
54,-2.30052469309168,-0.023435029447140723,-0.995782627,-0.9247846901335055,-1.1560066657333732
55,-2.5560038453864746,-1.9852432766608619,-1.045898333,-0.26468286744378927,-2.071987575835642
56,-2.657249478897965,-0.8990154218165914,-1.163924598,-1.4102538292745028,-0.8672775075254096
57,-3.6520776247758646,-0.14744826137108955,-1.4947891130000002,-1.546817534253008,-1.8589073257268316
58,-4.115317764686679,-0.5470962146716539,-1.674099257,-3.052488589326575,-1.1473411900204555
59,-4.3146613909771885,-1.807486026654163,-1.826922654,-1.284759552922481,-0.2835054534777897
60,-4.384944664952111,-1.9661152675856026,-1.847200417,-3.5932550211937175,-2.42935273508535
61,-4.1757399327956914,-2.4022454252116177,-1.773126939,-1.6050675576483024,-1.109526692124953
62,-3.746889285361644,-2.7826475700289857,-1.65193303,-1.664772640106941,-2.0143131004988275
63,-1.9392592319516144,-0.7581373302985606,-0.8042699259999999,-0.06404727413762742,-0.2947039318169327
64,-1.1463681417522738,-0.6752207627318019,-0.505569203,-0.16127309096168074,-0.41579111702049737
65,-1.2174684801032252,-0.3626839057654805,-0.517498407,-0.8778819499406835,-0.6051241035045107
66,-1.1815199099758302,-0.5116410825369035,-0.491359895,-0.9686768099603438,-0.6473973941123926
67,-1.118266911808579,-0.4774473443961934,-0.487193534,-0.21928925910823943,-0.8050549847414471
68,-1.1376097669970355,-0.1487794438891235,-0.493203279,-0.6125603101191471,-0.8243910201247647
69,-1.1632285944968352,-0.31556938760647446,-0.507092681,-0.2835271694949362,-0.8720077334036122
70,-1.255533520852678,-0.3102920091336435,-0.534594999,-0.8001570322460607,-0.5782509689700794
71,-1.3317987633062578,-0.6682044936854125,-0.57069277,-0.7952837144279226,-0.473596194466456
72,-1.5022673632171486,-0.12686225580771068,-0.612633393,-1.215077377378819,-0.005271949931139045
73,-1.17747555578688,-0.081794179013313,-0.519206791,-0.853293825340112,-0.3669060658163744
74,-1.2018439601805175,-0.14989199663430264,-0.505617361,-0.7671375045315094,-1.0094510756791486
75,-1.2803604636246453,-1.0041644277583828,-0.535386822,-0.2906312545355342,-0.20695065870530327
76,-1.4900234815975741,-0.18965393371265657,-0.616149567,-0.043080175570010745,-0.13465383010157256
77,-1.5412658275504172,-0.8768732837316617,-0.658915161,-0.11088040828397742,-0.7804311551189427
78,-1.6579745762598832,-0.8673533304773424,-0.675074579,-1.2607805381297037,-0.2787113849555102
79,-1.5697681184038828,-0.9314590352052982,-0.6891626940000001,-0.5711335082606848,-0.7876090549746291
80,-1.8829621991773724,-1.04604743194361,-0.794221947,-1.49718615457778,-0.5080062708194258
81,-2.262773407302342,-1.1517150912358072,-0.946874526,-1.4833517499516606,-0.6901132049343951
82,-1.4489235708304646,-0.7695335912832602,-0.604825366,-0.8739526253687946,-1.0916766774126918
83,-1.2375082399912245,-0.6747057374755082,-0.510532816,-0.6978917596276435,-0.22702770022089203
84,-1.3383746592034755,-0.7330031982117164,-0.548339964,-0.3770760059862309,-0.31406955962503924
85,-1.4719251764281684,-0.8670857915873471,-0.644816975,-0.23712701065712952,-0.5683977948591552
86,-1.6585105316698252,-0.9393539729890393,-0.721248485,-0.5996186813432685,-1.187248302035831
87,-1.9920674532128377,-0.9917792271064396,-0.8106474220000001,-1.0645429854831063,-1.3364410115054914
88,-2.1337393771046975,-1.1946361271355985,-0.909297549,-0.3023558287354598,-1.0524077881292184
89,-2.299171895578112,-1.1870806243514684,-1.0014650040000002,-1.6138096358212457,-0.5577966930095465
90,-2.560580577778603,-1.3712965453528432,-1.094443882,-2.0242348338495373,-1.6180655303001437
91,-2.892135188777321,-1.5005068264531685,-1.189740162,-2.100092451554493,-0.4397054577219417
92,-3.022780842752455,-1.5130466754822123,-1.251786372,-0.31932239007124874,-1.052257036149564
93,-3.2046413879497506,-1.6516678423718552,-1.317112074,-0.27805794616755963,-1.8450780884017286
94,-3.331165802144426,-1.7865169580795208,-1.396617873,-2.112115809454769,-1.620197214833189
95,-3.206974105181723,-1.808283239304596,-1.399569749,-0.9039087367421923,-0.9903987554197533
96,-1.2111707865627344,-0.6119341599867487,-0.517265885,-0.07244157841477511,-0.6339578375957626
97,-1.169153478229818,-0.610602028824882,-0.496160326,-0.5701492012006861,-0.27638837940458844
98,-1.2194267881950551,-0.6050919449021501,-0.50757916,-0.998284543940089,-0.6628652212435274
99,-1.1267122124760076,-0.6069243463041821,-0.492339436,-0.6002284887061727,-0.6955340316542205
100,-1.1633375009846152,-0.5775038305995721,-0.49163206,-0.2855603171855243,-0.14827924757233252
101,-1.1347512865648905,-0.5833309315852694,-0.490154731,-0.7708475998845784,-0.49569785942060296
102,-1.1397941004190193,-0.6485735713316075,-0.490875006,-0.3655653904980883,-0.7168052381603717
103,-1.1967531881798232,-0.635764097006198,-0.489965309,-0.5560298827392034,-0.1512808051175385
104,-1.216372885745615,-0.6206031729634321,-0.49763395,-0.6260627683976144,-0.25126899343116993
105,-1.2044799892008784,-0.6809267275696806,-0.521793056,-0.7589693604573945,-0.9382797755874567
106,-1.3367689710404496,-0.7833704183872878,-0.582159192,-0.11006671288919666,-0.3845689682184566
107,-1.5557255542406123,-0.813686669803141,-0.643189138,-0.3120319286533744,-1.0021455375761625
108,-1.666281824567437,-0.8668352392682538,-0.727626755,-1.425014863051073,-0.9762958409208652
109,-1.9466096652342297,-1.029280672104031,-0.813698932,-1.2410644780237057,-1.4972979186673094
110,-2.239492376056568,-1.2412869825767723,-0.970048217,-1.8191412951734727,-0.05568078000064711
111,-2.6531351117531767,-1.5696952302212188,-1.162712593,-0.6805501288673301,-0.4902865629673433
112,-3.0242018037657044,-1.5380828072533403,-1.274169776,-2.2012650320117517,-0.029722394622938034
113,-3.0381428625385283,-1.5243156634946247,-1.289587885,-0.3531630795111108,-0.18529240213297937
114,-2.694798683641648,-1.590465012677029,-1.169559936,-2.3057892621343288,-0.566376244957854
115,-1.887723172387269,-0.9648631548482212,-0.794409294,-0.8794454837850365,-0.2121259745884152
116,-1.740879810717934,-0.9855765854703749,-0.745105459,-0.9732724306313173,-0.28345670449105426
117,-2.387461675977313,-1.265452067526476,-0.986343539,-1.470505239797929,-0.503655652417233
118,-2.8271420565938516,-1.6225607651337808,-1.239171759,-0.6072391929748087,-0.5885609423819209
119,-3.3365245175685994,-1.8112685239291784,-1.415309721,-1.3000589212460285,-1.17695900523439
120,-3.706764250112838,-2.0122439335596556,-1.5498761630000002,-1.4689189292894471,-1.3831028658906348
121,-4.07988282501665,-2.357771920881721,-1.768452619,-0.8694413110201964,-3.1692895800106333
122,-4.620202569559165,-2.2484593577739154,-1.902284158,-2.791553970459178,-0.5261052225945848
123,-4.73238660728299,-2.6079395847971742,-1.98425935,-3.6042085608924994,-2.721453695511142
124,-4.548018678257409,-2.5507805983113254,-1.900561381,-1.4851192066367704,-0.21477411593754817
125,-4.062466913018668,-2.2234314205983337,-1.6502543790000002,-1.7379012259516127,-1.1919877874096247
126,-3.8241193421583044,-2.1305419471250566,-1.663463151,-2.9838577319825506,-0.035428620861323534
127,-3.9517194572043954,-2.2539177594703776,-1.650085876,-2.522339947029343,-0.4570262807336336
128,-3.6721306943993732,-1.9868576855065183,-1.618089668,-1.354653362805511,-1.7382710065811684
129,-3.936247483925239,-2.030786271606076,-1.6992147780000002,-0.30412985674812276,-1.246055382717035
130,-4.110153967928933,-2.1724317584455632,-1.69366401,-1.1431356332664468,-3.0037873281369345
131,-3.6165557965846657,-1.8533028223622898,-1.504492501,-1.8264773702341899,-0.5299748660715314
132,-4.13546367449362,-2.088200666574799,-1.680969249,-2.9726670165124247,-0.03271948550723506
133,-4.355516102166457,-2.203364511766141,-1.820722902,-2.072921434878849,-1.7256510128224685
134,-4.67261882303561,-2.394023593342308,-1.959877411,-0.9688215258488811,-3.219388109051666
135,-4.745596516080989,-2.723038484796285,-2.0531489,-3.127374348121487,-3.7012913074966254
136,-5.083344604325455,-2.79845281076393,-2.210929507,-3.3143299378800197,-1.8800364444019488
137,-6.225112254271338,-3.214119061693442,-2.56635979,-0.9617283161600415,-0.3851834431013607
138,-6.548171254046244,-3.561634426068831,-2.775077668,-0.7147493796900934,-1.807282654114912
139,-6.976195200692777,-4.113459747725466,-3.030463992,-0.7806960797949098,-0.5082787908703349
140,-7.864737967571366,-4.19786296842392,-3.311595124,-0.8320211912812157,-5.871040049429927
141,-7.865451298997626,-4.570030317532046,-3.373506793,-1.1977945753150536,-0.40403270604484337
142,-7.628164096531465,-4.2856586377322605,-3.2041481,-0.8897199984684367,-3.727422871145252
143,-7.276417433499829,-3.9852719058449977,-3.18685274,-0.9686809898461893,-2.795288697191485
144,-6.542926371668883,-3.537725648507844,-2.755594097,-0.8709291062633094,-3.138104285458637
145,-5.456410423794298,-3.0453415167202134,-2.40540521,-0.7477724958745104,-3.7791000577877663
146,-6.141862047989677,-3.0903076608538145,-2.597805564,-0.6203334125186699,-3.8471083921860076
147,-7.242309913166688,-3.7727090872012945,-3.12901891,-1.2235986784283783,-6.166557000019757
148,-8.053643241418957,-4.075126812810916,-3.376966757,-0.8426904937684516,-0.28597510269246906
149,-8.378896783513005,-4.205346606657742,-3.513965399,-1.456548929802577,-5.820303238537314
150,-6.739765302946725,-3.641890869746961,-2.961145325,-0.7353697794890797,-3.7481436952158735
151,-3.1501009370165676,-1.6307252607482412,-1.317716392,-0.4548000262472029,-2.273907154551975
152,-1.6259555810642805,-0.9089350025637557,-0.670111108,-0.15308691324102633,-0.04967081114992227
153,-2.159043398339101,-1.1014199875794448,-0.876830159,-0.21759713773815756,-0.03175091579913717
154,-1.6140522379147357,-0.9203062441494677,-0.681286698,-0.21336239336007307,-0.4881683895977605
155,-1.3066465296872565,-0.7424846287036057,-0.564249837,-0.18412789632696203,-0.9574819094905157
156,-1.617161303935246,-0.8934416722746183,-0.663356498,-0.14690298148367936,-0.3401622672009285
157,-2.0284779041341405,-0.993906578395253,-0.838544272,-0.27021760046223076,-0.547358863101578
158,-2.520235934368633,-1.2478153107373708,-1.050532106,-0.25665866382085145,-0.849164956054149
159,-2.876692239794218,-1.423125644172368,-1.168957491,-0.3440387119948771,-1.5907116245181527
160,-3.2208726988722445,-1.6095862095154367,-1.338506502,-0.3155897565428502,-2.3598141609824044
161,-3.822908727715606,-2.137511648484235,-1.648149193,-0.5136243774797432,-1.4811155849837576
162,-4.625042861342739,-2.2801175146752723,-1.928226724,-0.5538352936459329,-0.6224793290117553
163,-5.004588700919427,-2.8505299561874198,-2.127722891,-0.549046427494144,-0.9117882066307076
164,-5.476176474180168,-3.0413668057469394,-2.345044026,-0.5191367526246377,-0.007712240063296295
165,-5.13544042443821,-2.5409150561823193,-2.098466228,-0.6594291298806738,-2.276026750226344
166,-4.565737514798619,-2.2996985771840848,-1.915421548,-0.6235812307615752,-2.24198655791031
167,-5.951483762024236,-3.4402600643086365,-2.513988764,-0.6278115412489106,-1.311587588901307
168,-6.359186739220683,-3.2741379920132077,-2.630860877,-0.7191621000958376,-1.3214397611778395
169,-6.422604744122598,-3.3508030897840095,-2.781716978,-1.070448421227549,-1.08099828982988
170,-7.404808287531393,-4.041605312405762,-3.048817688,-0.933096573741849,-1.118332187084953
171,-7.316473528788914,-3.904904996336259,-3.227698858,-1.112706658071291,-1.5514737176553464
172,-8.243393517792642,-4.614878464071115,-3.376244459,-0.8250055392218895,-1.255481714282651
173,-4.062370732906307,-2.35833439386637,-1.760204577,-0.6239515558524111,-0.9364548319365149
174,-3.890350934573935,-1.9947794534904963,-1.615636673,-0.5861513385624825,-0.8571096670124149
175,-5.364040130408694,-3.0746434608189146,-2.347023777,-0.7325663942687419,-0.8899231797208911
176,-6.436883813837363,-3.208576474844978,-2.617346676,-0.9389743431996176,-1.3472673997815607
177,-6.232384186276688,-3.42333181509145,-2.592037166,-0.9950619974864335,-1.2648222786040144
178,-5.1235039389373025,-2.950879262448604,-2.249354234,-0.6108524149937651,-1.19100521456352
179,-5.603259893275603,-3.2729787921305826,-2.38879624,-0.632749297583682,-1.1336511900330148
180,-6.272077148583429,-3.4940049229376693,-2.657799084,-0.7563561471594469,-1.2738038145634878
181,-7.631419227934748,-4.271032223080241,-3.2037806680000003,-0.8308211716572694,-1.7405555641900865
182,-7.958187010345344,-4.68610238431112,-3.496916409,-0.7728344416112249,-1.4306515944627405
183,-8.46427954453596,-4.266466472023439,-3.517460193,-1.2292920647961187,-1.641164816712225
184,-8.072686801220073,-4.404989223434605,-3.410798677,-0.9422426075981024,-1.558461240809345
185,-8.440491360861161,-4.71598120808224,-3.472950312,-0.9204387144368859,-1.213317186508264
186,-8.599175496246396,-4.266490680622727,-3.633651555,-1.2096231875114385,-1.874030173647806
187,-7.690613537259733,-4.018096173422761,-3.345974649,-1.137865799291076,-1.6105122571395476
188,-8.950826397621427,-4.673221009234316,-3.893474023,-1.5697067211376512,-1.863048766535036
189,-9.511037783969767,-5.39825968567125,-4.084925331,-1.395568445784045,-1.632061626843031
190,-10.025776437391078,-5.254723316271275,-4.152769515,-1.0099033246910576,-1.636932909081816
191,-10.259515706326155,-5.2090069320589585,-4.2207880310000006,-0.9395865105058049,-2.3023877739358083
192,-9.978554344883145,-5.112496267527737,-4.321862399,-1.6801769452269062,-1.897527006028245
193,-10.480295409008816,-5.46102160699982,-4.412036209,-1.7413755411225518,-1.6901623552266063
194,-11.001381870513839,-5.505034627759264,-4.589716913999999,-1.097934611013639,-2.0693406097919587
195,-10.847873074726193,-5.837159660518146,-4.60628778,-1.566874996165839,-1.96155834380251
196,-10.97267021985328,-6.165959153406151,-4.552317933,-1.2837897089555201,-2.1186930749868518
197,-10.880867280219096,-5.540295603351797,-4.687258697,-1.8794527392423706,-2.061990470214624
198,-12.255686356987018,-6.713853599319951,-4.9825688480000005,-1.1639474324128,-1.7899569427907207
199,-12.732988212033742,-6.334280669664364,-5.212754524,-1.1652395028128766,-1.9383628576371803
200,-12.615750438103797,-6.551487529453829,-5.254159501,-1.2511183303443318,-2.49939840812201
201,-12.036491668416069,-6.483726798725408,-5.076181305,-1.820798406483522,-1.8517836538167989
202,-12.503052192277991,-6.84258250551089,-5.231360821,-1.3502239971529193,-2.7160800918104475
203,-12.407655490703492,-6.076634961260282,-5.131091533,-2.099135888902649,-2.4818303582557992
204,-12.874257443965776,-6.536711297473734,-5.471259247000001,-1.2400819605481497,-2.3522924962326694
205,-13.267279504144959,-7.430721371775947,-5.486340087,-2.246302852318759,-2.7336930379533073
206,-12.368107195823068,-6.527596167823737,-5.264758247,-1.673206814254092,-1.8690689061943497
207,-12.232536275862385,-6.780243879592502,-5.202131361,-1.450043594896014,-2.815069566146249
208,-11.8750032867833,-6.341164775512311,-5.18271948,-2.0338051677251134,-2.0679413385323264
209,-11.690897627211738,-6.466941856915901,-5.143804239,-1.9806334449430194,-1.9998543294322852
210,-11.699203624045957,-6.461792034700449,-5.042355033,-2.061545613055355,-2.7282246531812357
211,-11.007857576988545,-6.224478929052808,-4.650534176,-1.3608350116458978,-2.244325176631293
212,-10.32813960847511,-5.051003211074794,-4.272146106,-1.544976854581385,-2.1992198294490013
213,-11.749312908159679,-5.779255650595441,-4.8725107,-1.9338817930692598,-2.437581358153737
214,-11.942130979252532,-6.534878742717884,-5.100836378,-1.9486298226358412,-1.9170630030722184
215,-12.89222546075249,-6.8971684966424105,-5.310706609,-1.343212433305438,-2.234257552023961
216,-13.482483786046119,-7.180632226068803,-5.503960015,-1.7687050161067779,-2.295098380098953
217,-12.858291657591902,-7.458093417316581,-5.584210529,-2.182460363011178,-2.0116187012923126
218,-12.534079384599162,-7.456277317300372,-5.4488274310000016,-2.002965493568868,-2.7460100872842563
219,-12.596561360199948,-6.510933618161306,-5.394311831,-1.9179929652648011,-2.715789900255223
220,-13.07401924366028,-7.2326174841908255,-5.4172899060000015,-1.7264284109236971,-2.2398853397099243
221,-13.055050667851624,-7.179429616116059,-5.457677157000001,-1.456189742774543,-2.78862476461254
222,-13.69852867963327,-7.284551401738396,-5.574376019,-1.2104287799771614,-2.259542027147514
223,-14.067218941248006,-7.403783643471255,-6.049203153,-1.3391701024353337,-2.681869970639652
224,-13.525115515669055,-6.8982886320938,-5.543914434,-1.313376953967295,-2.7274343844283018
225,-12.748154630666981,-6.565048778180436,-5.37862373,-2.2279206525171595,-2.7012116011005762
226,-12.250363413648358,-6.317550960762358,-5.294964257,-1.935190815314159,-2.414724351262431
227,-12.650598876504509,-7.22245138681718,-5.283588474,-1.5951131222875423,-2.6675526901646975
228,-10.552055719299844,-5.647196567914253,-4.331873123,-1.1531611082876234,-2.015784546452703
229,-9.417942871275374,-4.742917665175193,-3.971650828,-1.4308918427296364,-1.6282615701036882
230,-12.953455742278512,-6.705868817770513,-5.619444678,-2.113205056658136,-2.1950783263839906
231,-14.57107507007979,-8.325188170227028,-6.424629726,-1.8142680419487331,-2.938337320478906
232,-14.077938720637608,-7.19553795403001,-6.109277773,-1.8153078576891999,-2.8741423150259737
233,-13.94734355880586,-7.814031345426903,-5.91778729,-1.733268301943026,-2.092282251596319
234,-13.15222126188569,-7.286683973016637,-5.668438731,-1.8214714327180774,-1.9863981655598315
235,-13.744400491813185,-7.504316976353909,-5.587154222000001,-1.3416508210700442,-1.9555725810143385
236,-12.302903032337676,-7.1807129808459695,-5.422044268,-2.02652546598781,-2.4619734805384557
237,-12.90690599784601,-6.682583331539667,-5.389220077,-1.807849841265637,-2.3022787617765434
238,-12.291842983287834,-7.122916819245218,-5.367589505,-2.123974002402074,-2.49681310913478
239,-12.95433369733062,-6.806392400233363,-5.290502412,-1.2497081219011408,-1.9057431761814443
240,-12.519434984251859,-6.450698356275215,-5.257723801,-1.434999550805502,-2.226781710780211
241,-11.909554831040255,-6.761736997060427,-5.148534733,-2.0711320451196693,-1.8189469361453228
242,-12.778423010324286,-7.148528805481587,-5.27711943,-1.3809134436694894,-1.8492600668962
243,-12.35417790124329,-7.2834113943896694,-5.340422951,-1.200430432920426,-2.7850195187968816
244,-12.400125493422992,-6.637049402939054,-5.342738459,-1.3984197186023224,-2.6274542292818914
245,-12.840352236638259,-7.341946196738834,-5.4725432110000005,-1.7124942118112618,-1.9720095018491959
246,-13.653104667126048,-6.863393702072888,-5.5807221810000005,-1.2888334812482312,-2.4383004637909913
247,-12.887789330807237,-6.3142926260082755,-5.3880933870000005,-1.8780951794675673,-2.5117008414665065
248,-12.66158867019599,-6.565744491679466,-5.334551081,-1.752389883048709,-2.4648278301286584
249,-12.186886428940186,-7.163903352865266,-5.349183946,-1.1712745839514997,-2.47723624555063
250,-13.01656096183637,-6.754759805305388,-5.30745321,-2.1543038577757923,-2.439286228412998
251,-13.447873070696614,-6.662591082714845,-5.651662001,-1.8250850728345545,-2.023044150828913
252,-14.008769417130315,-6.887630063425461,-5.76615897,-1.8082922355793356,-2.6896455964634622
253,-13.92510111763355,-7.71054676090208,-5.783665967,-1.871422541196586,-2.5148898159011037
254,-13.861006725777827,-7.990445864397704,-6.095086471,-2.2760519421266205,-2.7771958061931556
255,-15.113857176842082,-8.058699200497632,-6.289629575,-2.0226840997504234,-3.089913563021092
256,-14.641992346020745,-8.261439746979846,-6.1647363089999985,-1.5985317295389947,-2.403936894067807
257,-14.638897557454442,-8.175585142842813,-6.059298403,-1.7275296969596452,-2.582628248440467
258,-13.419152173663424,-7.2621108612196945,-5.714973391,-1.933260300525424,-2.0107219107130274
259,-13.184954399124202,-6.989918618134986,-5.5452979220000005,-1.7084661756489663,-2.9655913394931206
260,-12.521176122044306,-7.398432372207241,-5.499510572999999,-1.7842422148990726,-2.6602699823844844
261,-12.438147212565859,-7.224203180756721,-5.490615589,-1.2868994368476268,-2.5235246831898976
262,-12.92070853007609,-7.5609320459213105,-5.520317159,-1.8764113798537727,-2.4906967858458198
263,-12.992953194626365,-7.4416578156106885,-5.548080322000001,-1.8448467570975895,-2.028753980834092
264,-11.27198520442765,-6.478108819676869,-4.966673534,-2.003219385737654,-2.701807100018063
265,-12.92627213931635,-7.063420887931099,-5.344871043,-2.0986727060978323,-1.9319742976683625
266,-14.191461608990474,-7.934193398897732,-6.043188885,-1.8522689269626111,-3.1519516348161583
267,-14.944707272806726,-8.183030478526176,-6.528218267000001,-1.6002562762451178,-3.329576600300539
268,-15.184148839675759,-7.871535661596779,-6.2046051260000015,-2.1261843559796865,-2.8710450477572538
269,-11.782546993582027,-6.3570053377770845,-4.839091557,-1.5310638097328129,-1.9026757467767197
270,-9.427869117758936,-4.696866475431196,-3.925796236,-1.4537497268900752,-1.978296214440369
271,-11.346200289931684,-6.298793211377714,-4.91363312,-1.4523150638455198,-1.850750566882621
272,-12.047495116352817,-6.341394759423348,-5.122965396000001,-1.5498411268410324,-2.313809168853523
273,-11.299635107776984,-6.594002071470658,-4.951844575,-1.1474303856541999,-2.5051516767748847
274,-11.53813030921042,-6.1521170603644135,-4.858845931,-1.4523672744112233,-1.7903240467724775
275,-10.570095851997703,-5.5551399266562855,-4.608341854,-1.2212410194434498,-2.0979790490189103
276,-9.913065323853061,-4.964310662343732,-4.208664368,-1.7519601250763124,-2.259472846665741
277,-10.513724267627275,-5.5199982946232,-4.365335003,-1.2337004020997138,-2.1828607512405553
278,-11.43149444323958,-6.084006507340433,-4.731341703,-1.7994926645631522,-1.6512426582646047
279,-11.29816413202637,-6.020768572669934,-4.723304962,-1.284717065936242,-2.4782920953478595
280,-11.141837756517342,-6.061682192223657,-4.689257925,-4.000863980339232,-4.102843742782313
281,-11.129978447378587,-6.143548093294787,-4.651512391,-7.396397043130619,-5.883072785214499
282,-10.431544828455097,-5.648943105240216,-4.589865206,-3.314708681234968,-5.772020016688633
283,-10.807464863416977,-5.707206208801009,-4.508930925,-8.770856713539693,-6.901823757178738
284,-10.52111049473329,-5.0882521949051265,-4.289971683,-7.074332294334254,-3.2093113832246423
285,-9.926524236173313,-5.156301107669662,-4.20309991,-1.9058520735362685,-1.5822618446578538
286,-10.55693439555556,-5.4971170930445945,-4.353139274,-0.3943581833453063,-6.905377974271858
287,-10.339129877167828,-5.447507069865232,-4.4700579430000005,-1.0917100967680118,-8.797773456567962
288,-10.545248572745118,-5.617424914430117,-4.419792372,-7.435528040894727,-6.584750767737648
289,-10.94004475831763,-5.575796507515045,-4.561105317,-7.2094238743006445,-6.756011802218319
290,-11.082296942643497,-6.4066139548211325,-4.709316444,-6.918624904016019,-6.1929100478331405
291,-12.523517519529815,-6.519917803888132,-5.205489684,-6.175918213738108,-8.114729253172177
292,-12.144599487584221,-6.138021914817804,-5.164004371,-8.821934597387433,-6.89397055584111
293,-9.979628000204778,-5.536158556452339,-4.054187126,-7.965963770846777,-4.9637159776482545
294,-3.2073552357372113,-1.7907224689370855,-1.331530551,-0.8415634658368066,-1.032285929275392
295,-1.1254225444132533,-0.6114442098045434,-0.491634492,-0.06575977015417289,-0.9199890487902215
296,-1.1924084457391133,-0.6020026448273921,-0.502424027,-0.3869619202226151,-0.21348496437929584
297,-1.2510002246320764,-0.6625477450843434,-0.546721194,-0.12043743668872242,-0.5048371253646042
298,-1.5388735925616102,-0.8335157286351338,-0.643179419,-0.38781344630733555,-0.9118447604290334
299,-1.9509026688919815,-1.0639931929218456,-0.796442007,-0.08743111110660974,-0.19579433197294238
300,-2.2583102859718553,-0.8973249998945133,-0.923584014,-0.30429879026502604,-0.4843648262212601
301,-2.5235544182281213,-1.715219833973709,-1.075056253,-0.3573003141013616,-1.8992545653502477
302,-3.0521095411548647,-2.0467077671801737,-1.328091668,-2.3322344237852546,-1.2913511859866096
303,-3.507075440356986,-1.2905402813885005,-1.485842735,-1.5028875305835614,-2.206240484185866
304,-3.378074419231076,-0.174118165607838,-1.469723899,-2.2496535054909246,-1.0667086619061117
305,-3.529620287378569,-0.8753580360204436,-1.443520233,-0.6133071009716557,-2.343415745935777
306,-3.435989796094211,-0.06854787567921679,-1.451697309,-0.31812276472239964,-0.4556461098991977
307,-3.435040492594712,-1.2673905442707591,-1.482385319,-1.5622024453311862,-1.612507831660376
308,-3.489192876508631,-1.2314489196540876,-1.4486047219999998,-1.3889299533035275,-0.9103661788194383
309,-3.306816420148608,-0.33525267589613206,-1.447859934,-1.3191562188397838,-2.2087058779848134
310,-3.4593651354148323,-2.106028635177758,-1.491702604,-1.915183499029313,-1.8456932288248762
311,-3.651034085922043,-1.0310543849072833,-1.5225228219999998,-0.38598083672487715,-1.9543453255158636
312,-3.8232544155222548,-1.5457930677830178,-1.580761013,-2.9891586136771875,-0.043254519832917455
313,-3.9034386236800342,-2.2585014701678827,-1.591319641,-2.454325248189578,-1.1676141166363743
314,-3.639117968398285,-2.6767532424687146,-1.5092932980000002,-2.5202915682737084,-0.21700279102101666
315,-3.272999153726303,-2.54895003849489,-1.3604493990000002,-1.5065671066998898,-2.2004695910208025
316,-3.3790579252597825,-1.2667075479711432,-1.4617264,-0.19207899361544248,-1.1427777196531177
317,-3.9189143857432973,-1.6911182829107405,-1.647490783,-1.3461470030648377,-2.9706483309261804
318,-4.081532130730694,-2.2446280316236034,-1.770215546,-0.9536662773766423,-2.575802311099722
319,-4.365220973217512,-0.6279750127374704,-1.85054193,-0.7029451582896068,-3.620159467394563
320,-0.06140010154339576,-3.6666055942583164,-1.930212208,-0.8616700403463233,-2.9998188899559404
321,-1.3339530421927264,-0.21818801794842765,-1.945207422,-3.1442135016066293,-0.6787417560196852
322,-3.3348888685064457,-0.36776448015114827,-2.067597032,-0.41716401202711695,-0.44769782117836737
323,-0.3754649096580086,-4.591616964768302,-2.437818084,-1.1706624060032638,-4.692510789296812
324,-1.5749260022161229,-0.2526346768732677,-1.205212161,-0.38962299255928173,-1.1497559034152212
325,-0.5733592060032523,-0.9868025935090761,-0.53229485,-0.8855019503221404,-1.0099584904318397
326,-0.5782605611558649,-0.8563632187913964,-0.525392781,-0.7082338717891381,-0.37455711853992374
327,-0.7152800535753551,-0.061809385340628464,-0.497460408,-0.42698223623617015,-0.5967823809532775
328,-0.7812982454628197,-0.8208005026331452,-0.500464291,-0.28729828705128835,-0.9896455262738598
329,-0.06380987563000749,-0.3640200999197372,-0.513723595,-0.953285728852186,-0.45562610857006974
330,-0.5487694154300858,-0.43478011830327,-0.5530665579999999,-0.7610583773683585,-0.9346833785189118
331,-0.07498685941648323,-0.31063734971512785,-0.603086514,-0.023908077614971705,-0.6799400199972232
332,-0.7642538816620902,-0.7188575350021378,-0.611449491,-0.7504302119617944,-0.33125652460687377
333,-0.6732280344424647,-0.964050758530783,-0.526909474,-0.8462290457942314,-0.48827156904862645
334,-0.02818160425590435,-0.4547878634613293,-0.5261728139999999,-0.8302873269782595,-0.8732260734966236
335,-0.0016082502546174461,-0.5596817443591933,-0.535441139,-0.7440971331725732,-0.7675819439435205
336,-0.6936198965030113,-0.7491339382744391,-0.550948043,-0.45416978769880195,-0.6423081121834218
337,-0.5828937366306006,-1.0883861207706704,-0.570510803,-0.29694724903776976,-0.32321411709811754
338,-0.15501946997690472,-0.20264799545590234,-0.596252761,-0.7576924656718315,-0.31791551867690243
339,-0.00887797338826966,-0.10512183892471878,-0.609227419,-1.1116911815297075,-0.07733602707776402
340,-0.8729269795674086,-0.2926251323970992,-0.622154764,-0.818946954323795,-0.9479277977032454
341,-0.18858970380721163,-0.141028524441987,-0.495343481,-0.3697190993265472,-0.7110807802839064
342,-0.7192323523377143,-0.4029714960524788,-0.499262476,-0.02074228687973251,-0.9567645007088275
343,-0.5406658299221869,-0.7247434345589805,-0.502534605,-0.008700807399341695,-0.8535915538508272
344,-0.5068531074545775,-0.002127040728613369,-0.507814442,-0.7088936829110298,-0.9275610144317765
345,-0.36942247184253524,-0.5133946347147287,-0.513733337,-0.3307635190834441,-0.49142761504926913
346,-0.04428491153221395,-0.014523027436955651,-0.522630496,-0.2251269855587328,-0.2071176003655616
347,-0.13379212844408497,-0.2395223317898299,-0.555696755,-0.5524169326552354,-0.4930455880598729
348,-1.0216162560082316,-0.08670801440009526,-0.614866631,-0.20121661503215357,-0.7899879601264661
349,-0.0800839471920119,-0.9405391409045617,-0.661454338,-0.039307101964336455,-0.8282986638440566
350,-0.07234578158789733,-0.24932393172177003,-0.6960688270000001,-0.9630121658414343,-0.5482934064503052
351,-0.23128768404201322,-0.30589574801743175,-0.733744438,-1.4373610513230317,-0.36957140906847924
352,-0.8423733882254075,-0.4683990278658677,-0.784114752,-0.588339950479616,-1.4611767996298801
353,-1.106806737402608,-0.41982847680539065,-0.816282732,-1.242810290878456,-1.204804336615898
354,-0.1099233259584746,-1.1819311471746576,-0.862406116,-0.6074052158017077,-0.4586627173611138
355,-0.35467128444512674,-0.9323194147932418,-0.908695845,-0.2324566342160218,-0.1261614142458826
356,-1.4166424536456095,-1.6379035179662915,-0.992989336,-0.6778030525225959,-0.3336472305957977
357,-1.8059148541032612,-0.2997317267091279,-1.0595082,-1.228071329459622,-2.0323719078412203
358,-0.207164885037979,-2.0350799195371523,-1.103823091,-2.2016261500668057,-1.3028703841638518
359,-0.4055355386978407,-0.22461721913648675,-1.116143813,-0.3486415519151644,-2.0658618840249274
360,-2.303930963454911,-0.8932832543999939,-1.172517059,-0.6115632597390855,-1.7801773270842578
361,-1.4396044761405558,-2.230241642117674,-1.199443323,-0.968890226672321,-1.5248876697828573
362,-0.4931917792793655,-0.33958899368332146,-0.962021068,-0.10881861336746386,-1.7692954774027507
363,-0.49173310583027224,-0.23512553171299472,-0.524392272,-0.7105560034764428,-0.2908562663533747
364,-0.05269555259477543,-0.18435475152381559,-0.522142812,-0.3849656729149918,-0.6226131379379234
