Date,Year,Day of Year,Day of Run,Total Precipitation
1/1/10,2010,1,1,0
1/2/10,2010,2,2,0
1/3/10,2010,3,3,0
1/4/10,2010,4,4,0
1/5/10,2010,5,5,0
1/6/10,2010,6,6,0
1/7/10,2010,7,7,0
1/8/10,2010,8,8,0
1/9/10,2010,9,9,0
1/10/10,2010,10,10,0
1/11/10,2010,11,11,0
1/12/10,2010,12,12,0
1/13/10,2010,13,13,0
1/14/10,2010,14,14,0
1/15/10,2010,15,15,0
1/16/10,2010,16,16,0
1/17/10,2010,17,17,0
1/18/10,2010,18,18,0
1/19/10,2010,19,19,0
1/20/10,2010,20,20,0
1/21/10,2010,21,21,0
1/22/10,2010,22,22,0
1/23/10,2010,23,23,0
1/24/10,2010,24,24,0
1/25/10,2010,25,25,0
1/26/10,2010,26,26,0
1/27/10,2010,27,27,0
1/28/10,2010,28,28,0
1/29/10,2010,29,29,0
1/30/10,2010,30,30,0
1/31/10,2010,31,31,0
2/1/10,2010,32,32,0
2/2/10,2010,33,33,0
2/3/10,2010,34,34,0
2/4/10,2010,35,35,0
2/5/10,2010,36,36,0
2/6/10,2010,37,37,0
2/7/10,2010,38,38,0
2/8/10,2010,39,39,0
2/9/10,2010,40,40,0
2/10/10,2010,41,41,0
2/11/10,2010,42,42,0
2/12/10,2010,43,43,0
2/13/10,2010,44,44,0
2/14/10,2010,45,45,0
2/15/10,2010,46,46,0
2/16/10,2010,47,47,0
2/17/10,2010,48,48,0
2/18/10,2010,49,49,0
2/19/10,2010,50,50,0
2/20/10,2010,51,51,0
2/21/10,2010,52,52,0
2/22/10,2010,53,53,0
2/23/10,2010,54,54,0
2/24/10,2010,55,55,0
2/25/10,2010,56,56,0
2/26/10,2010,57,57,0
2/27/10,2010,58,58,0
2/28/10,2010,59,59,0
3/1/10,2010,60,60,0
3/2/10,2010,61,61,0
3/3/10,2010,62,62,0
3/4/10,2010,63,63,0
3/5/10,2010,64,64,0
3/6/10,2010,65,65,0
3/7/10,2010,66,66,0
3/8/10,2010,67,67,0
3/9/10,2010,68,68,0
3/10/10,2010,69,69,0
3/11/10,2010,70,70,0
3/12/10,2010,71,71,0
3/13/10,2010,72,72,0
3/14/10,2010,73,73,0
3/15/10,2010,74,74,0
3/16/10,2010,75,75,0
3/17/10,2010,76,76,0
3/18/10,2010,77,77,0
3/19/10,2010,78,78,0
3/20/10,2010,79,79,0
3/21/10,2010,80,80,0
3/22/10,2010,81,81,0
3/23/10,2010,82,82,0
3/24/10,2010,83,83,0
3/25/10,2010,84,84,0
3/26/10,2010,85,85,0
3/27/10,2010,86,86,0
3/28/10,2010,87,87,0
3/29/10,2010,88,88,0
3/30/10,2010,89,89,0
3/31/10,2010,90,90,0
4/1/10,2010,91,91,0
4/2/10,2010,92,92,0
4/3/10,2010,93,93,0
4/4/10,2010,94,94,0
4/5/10,2010,95,95,0
4/6/10,2010,96,96,0
4/7/10,2010,97,97,0
4/8/10,2010,98,98,0
4/9/10,2010,99,99,0
4/10/10,2010,100,100,0
4/11/10,2010,101,101,0
4/12/10,2010,102,102,0
4/13/10,2010,103,103,0
4/14/10,2010,104,104,0
4/15/10,2010,105,105,0
4/16/10,2010,106,106,0
4/17/10,2010,107,107,0
4/18/10,2010,108,108,0
4/19/10,2010,109,109,0
4/20/10,2010,110,110,0
4/21/10,2010,111,111,0
4/22/10,2010,112,112,0
4/23/10,2010,113,113,0
4/24/10,2010,114,114,0
4/25/10,2010,115,115,0
4/26/10,2010,116,116,0
4/27/10,2010,117,117,0
4/28/10,2010,118,118,0
4/29/10,2010,119,119,0
4/30/10,2010,120,120,0
5/1/10,2010,121,121,0
5/2/10,2010,122,122,0
5/3/10,2010,123,123,0
5/4/10,2010,124,124,0
5/5/10,2010,125,125,0
5/6/10,2010,126,126,0.09
5/7/10,2010,127,127,0
5/8/10,2010,128,128,0
5/9/10,2010,129,129,0
5/10/10,2010,130,130,0
5/11/10,2010,131,131,0
5/12/10,2010,132,132,0
5/13/10,2010,133,133,0
5/14/10,2010,134,134,0
5/15/10,2010,135,135,0
5/16/10,2010,136,136,0
5/17/10,2010,137,137,0
5/18/10,2010,138,138,0
5/19/10,2010,139,139,0
5/20/10,2010,140,140,0
5/21/10,2010,141,141,0
5/22/10,2010,142,142,0
5/23/10,2010,143,143,0
5/24/10,2010,144,144,0
5/25/10,2010,145,145,0
5/26/10,2010,146,146,0
5/27/10,2010,147,147,0
5/28/10,2010,148,148,0
5/29/10,2010,149,149,0
5/30/10,2010,150,150,0
5/31/10,2010,151,151,0
6/1/10,2010,152,152,0
6/2/10,2010,153,153,0
6/3/10,2010,154,154,0
6/4/10,2010,155,155,0
6/5/10,2010,156,156,0
6/6/10,2010,157,157,0
6/7/10,2010,158,158,0
6/8/10,2010,159,159,0
6/9/10,2010,160,160,0
6/10/10,2010,161,161,0
6/11/10,2010,162,162,0
6/12/10,2010,163,163,0
6/13/10,2010,164,164,0
6/14/10,2010,165,165,0
6/15/10,2010,166,166,0
6/16/10,2010,167,167,0
6/17/10,2010,168,168,0
6/18/10,2010,169,169,0
6/19/10,2010,170,170,0
6/20/10,2010,171,171,0
6/21/10,2010,172,172,0
6/22/10,2010,173,173,0
6/23/10,2010,174,174,0
6/24/10,2010,175,175,0
6/25/10,2010,176,176,0
6/26/10,2010,177,177,0
6/27/10,2010,178,178,0
6/28/10,2010,179,179,0
6/29/10,2010,180,180,0
6/30/10,2010,181,181,0
7/1/10,2010,182,182,0
7/2/10,2010,183,183,0
7/3/10,2010,184,184,0
7/4/10,2010,185,185,0
7/5/10,2010,186,186,0
7/6/10,2010,187,187,0
7/7/10,2010,188,188,0
7/8/10,2010,189,189,0
7/9/10,2010,190,190,0
7/10/10,2010,191,191,0
7/11/10,2010,192,192,0
7/12/10,2010,193,193,0
7/13/10,2010,194,194,0
7/14/10,2010,195,195,0
7/15/10,2010,196,196,0
7/16/10,2010,197,197,0
7/17/10,2010,198,198,0
7/18/10,2010,199,199,0
7/19/10,2010,200,200,0
7/20/10,2010,201,201,0
7/21/10,2010,202,202,0
7/22/10,2010,203,203,0
7/23/10,2010,204,204,0
7/24/10,2010,205,205,0
7/25/10,2010,206,206,0
7/26/10,2010,207,207,0
7/27/10,2010,208,208,0
7/28/10,2010,209,209,0
7/29/10,2010,210,210,0
7/30/10,2010,211,211,0
7/31/10,2010,212,212,0
8/1/10,2010,213,213,0
8/2/10,2010,214,214,0
8/3/10,2010,215,215,0
8/4/10,2010,216,216,0
8/5/10,2010,217,217,0
8/6/10,2010,218,218,0
8/7/10,2010,219,219,0
8/8/10,2010,220,220,0
8/9/10,2010,221,221,0
8/10/10,2010,222,222,0
8/11/10,2010,223,223,0
8/12/10,2010,224,224,0
8/13/10,2010,225,225,0
8/14/10,2010,226,226,0
8/15/10,2010,227,227,0
8/16/10,2010,228,228,0
8/17/10,2010,229,229,0
8/18/10,2010,230,230,0
8/19/10,2010,231,231,0
8/20/10,2010,232,232,0
8/21/10,2010,233,233,0
8/22/10,2010,234,234,0
8/23/10,2010,235,235,0
8/24/10,2010,236,236,0
8/25/10,2010,237,237,0
8/26/10,2010,238,238,0.07
8/27/10,2010,239,239,0
8/28/10,2010,240,240,0
8/29/10,2010,241,241,0
8/30/10,2010,242,242,0
8/31/10,2010,243,243,0
9/1/10,2010,244,244,0
9/2/10,2010,245,245,0
9/3/10,2010,246,246,0
9/4/10,2010,247,247,0
9/5/10,2010,248,248,0
9/6/10,2010,249,249,0
9/7/10,2010,250,250,0
9/8/10,2010,251,251,0
9/9/10,2010,252,252,0
9/10/10,2010,253,253,0
9/11/10,2010,254,254,0
9/12/10,2010,255,255,0
9/13/10,2010,256,256,0
9/14/10,2010,257,257,0
9/15/10,2010,258,258,0
9/16/10,2010,259,259,0
9/17/10,2010,260,260,0
9/18/10,2010,261,261,0
9/19/10,2010,262,262,0
9/20/10,2010,263,263,0
9/21/10,2010,264,264,0
9/22/10,2010,265,265,0
9/23/10,2010,266,266,0
9/24/10,2010,267,267,0
9/25/10,2010,268,268,0
9/26/10,2010,269,269,0
9/27/10,2010,270,270,0
9/28/10,2010,271,271,0
9/29/10,2010,272,272,0
9/30/10,2010,273,273,0.24
10/1/10,2010,274,274,0.16
10/2/10,2010,275,275,1.16
10/3/10,2010,276,276,0
10/4/10,2010,277,277,0.03
10/5/10,2010,278,278,0.01
10/6/10,2010,279,279,0
10/7/10,2010,280,280,0
10/8/10,2010,281,281,0
10/9/10,2010,282,282,0
10/10/10,2010,283,283,0
10/11/10,2010,284,284,0
10/12/10,2010,285,285,0
10/13/10,2010,286,286,0
10/14/10,2010,287,287,0.04
10/15/10,2010,288,288,0.02
10/16/10,2010,289,289,0.04
10/17/10,2010,290,290,0
10/18/10,2010,291,291,0
10/19/10,2010,292,292,0.91
10/20/10,2010,293,293,0.18
10/21/10,2010,294,294,0.2
10/22/10,2010,295,295,0
10/23/10,2010,296,296,0
10/24/10,2010,297,297,0
10/25/10,2010,298,298,0.67
10/26/10,2010,299,299,0
10/27/10,2010,300,300,0
10/28/10,2010,301,301,0
10/29/10,2010,302,302,0
10/30/10,2010,303,303,0.08
10/31/10,2010,304,304,0
11/1/10,2010,305,305,0
11/2/10,2010,306,306,0
11/3/10,2010,307,307,0
11/4/10,2010,308,308,0
11/5/10,2010,309,309,0
11/6/10,2010,310,310,0
11/7/10,2010,311,311,0
11/8/10,2010,312,312,0.11
11/9/10,2010,313,313,0
11/10/10,2010,314,314,0
11/11/10,2010,315,315,0
11/12/10,2010,316,316,0
11/13/10,2010,317,317,0
11/14/10,2010,318,318,0
11/15/10,2010,319,319,0
11/16/10,2010,320,320,0
11/17/10,2010,321,321,0
11/18/10,2010,322,322,0
11/19/10,2010,323,323,0
11/20/10,2010,324,324,2.8
11/21/10,2010,325,325,0.92
11/22/10,2010,326,326,0.17
11/23/10,2010,327,327,0.08
11/24/10,2010,328,328,0.13
11/25/10,2010,329,329,0
11/26/10,2010,330,330,0
11/27/10,2010,331,331,0.12
11/28/10,2010,332,332,0.27
11/29/10,2010,333,333,0.01
11/30/10,2010,334,334,0.02
12/1/10,2010,335,335,0
12/2/10,2010,336,336,0
12/3/10,2010,337,337,0
12/4/10,2010,338,338,0
12/5/10,2010,339,339,0.13
12/6/10,2010,340,340,0.01
12/7/10,2010,341,341,0
12/8/10,2010,342,342,0
12/9/10,2010,343,343,0
12/10/10,2010,344,344,0
12/11/10,2010,345,345,0
12/12/10,2010,346,346,0
12/13/10,2010,347,347,0
12/14/10,2010,348,348,0
12/15/10,2010,349,349,0
12/16/10,2010,350,350,0.37
12/17/10,2010,351,351,0.4
12/18/10,2010,352,352,0.88
12/19/10,2010,353,353,1.76
12/20/10,2010,354,354,3.84
12/21/10,2010,355,355,2.4
12/22/10,2010,356,356,3.66
12/23/10,2010,357,357,0.01
12/24/10,2010,358,358,0
12/25/10,2010,359,359,0.19
12/26/10,2010,360,360,0.14
12/27/10,2010,361,361,0
12/28/10,2010,362,362,0
12/29/10,2010,363,363,1.68
12/30/10,2010,364,364,0
12/31/10,2010,365,365,0
1/1/11,2011,1,366,0
1/2/11,2011,2,367,0.3
1/3/11,2011,3,368,0.48
1/4/11,2011,4,369,0
1/5/11,2011,5,370,0
1/6/11,2011,6,371,0
1/7/11,2011,7,372,0
1/8/11,2011,8,373,0
1/9/11,2011,9,374,0
1/10/11,2011,10,375,0
1/11/11,2011,11,376,0
1/12/11,2011,12,377,0
1/13/11,2011,13,378,0
1/14/11,2011,14,379,0
1/15/11,2011,15,380,0
1/16/11,2011,16,381,0
1/17/11,2011,17,382,0
1/18/11,2011,18,383,0
1/19/11,2011,19,384,0
1/20/11,2011,20,385,0
1/21/11,2011,21,386,0
1/22/11,2011,22,387,0
1/23/11,2011,23,388,0
1/24/11,2011,24,389,0
1/25/11,2011,25,390,0
1/26/11,2011,26,391,0
1/27/11,2011,27,392,0
1/28/11,2011,28,393,0
1/29/11,2011,29,394,0
1/30/11,2011,30,395,0.71
1/31/11,2011,31,396,0.12
2/1/11,2011,32,397,0
2/2/11,2011,33,398,0
2/3/11,2011,34,399,0
2/4/11,2011,35,400,0
2/5/11,2011,36,401,0
2/6/11,2011,37,402,0
2/7/11,2011,38,403,0
2/8/11,2011,39,404,0
2/9/11,2011,40,405,0
2/10/11,2011,41,406,0
2/11/11,2011,42,407,0
2/12/11,2011,43,408,0
2/13/11,2011,44,409,0
2/14/11,2011,45,410,0
2/15/11,2011,46,411,0
2/16/11,2011,47,412,1.12
2/17/11,2011,48,413,0
2/18/11,2011,49,414,1.25
2/19/11,2011,50,415,1.45
2/20/11,2011,51,416,1.02
2/21/11,2011,52,417,0.27
2/22/11,2011,53,418,0.06
2/23/11,2011,54,419,0
2/24/11,2011,55,420,0
2/25/11,2011,56,421,0.22
2/26/11,2011,57,422,1.12
2/27/11,2011,58,423,0.62
2/28/11,2011,59,424,0.23
3/1/11,2011,60,425,0.04
3/2/11,2011,61,426,0
3/3/11,2011,62,427,0
3/4/11,2011,63,428,0
3/5/11,2011,64,429,0
3/6/11,2011,65,430,0.01
3/7/11,2011,66,431,0.21
3/8/11,2011,67,432,0
3/9/11,2011,68,433,0
3/10/11,2011,69,434,0
3/11/11,2011,70,435,0
3/12/11,2011,71,436,0
3/13/11,2011,72,437,0
3/14/11,2011,73,438,0
3/15/11,2011,74,439,0
3/16/11,2011,75,440,0
3/17/11,2011,76,441,0
3/18/11,2011,77,442,0
3/19/11,2011,78,443,0
3/20/11,2011,79,444,0
3/21/11,2011,80,445,0
3/22/11,2011,81,446,0
3/23/11,2011,82,447,0
3/24/11,2011,83,448,0
3/25/11,2011,84,449,0
3/26/11,2011,85,450,0
3/27/11,2011,86,451,0
3/28/11,2011,87,452,0
3/29/11,2011,88,453,0
3/30/11,2011,89,454,0
3/31/11,2011,90,455,0
4/1/11,2011,91,456,0
4/2/11,2011,92,457,0
4/3/11,2011,93,458,0
4/4/11,2011,94,459,0
4/5/11,2011,95,460,0
4/6/11,2011,96,461,0
4/7/11,2011,97,462,0
4/8/11,2011,98,463,0
4/9/11,2011,99,464,0
4/10/11,2011,100,465,0
4/11/11,2011,101,466,0
4/12/11,2011,102,467,0
4/13/11,2011,103,468,0
4/14/11,2011,104,469,0
4/15/11,2011,105,470,0
4/16/11,2011,106,471,0
4/17/11,2011,107,472,0
4/18/11,2011,108,473,0
4/19/11,2011,109,474,0
4/20/11,2011,110,475,0
4/21/11,2011,111,476,0
4/22/11,2011,112,477,0
4/23/11,2011,113,478,0
4/24/11,2011,114,479,0
4/25/11,2011,115,480,0
4/26/11,2011,116,481,0
4/27/11,2011,117,482,0
4/28/11,2011,118,483,0
4/29/11,2011,119,484,0
4/30/11,2011,120,485,0
5/1/11,2011,121,486,0
5/2/11,2011,122,487,0
5/3/11,2011,123,488,0
5/4/11,2011,124,489,0
5/5/11,2011,125,490,0
5/6/11,2011,126,491,0
5/7/11,2011,127,492,0
5/8/11,2011,128,493,0
5/9/11,2011,129,494,0
5/10/11,2011,130,495,0
5/11/11,2011,131,496,0
5/12/11,2011,132,497,0
5/13/11,2011,133,498,0
5/14/11,2011,134,499,0
5/15/11,2011,135,500,0
5/16/11,2011,136,501,0
5/17/11,2011,137,502,0
5/18/11,2011,138,503,0
5/19/11,2011,139,504,0
5/20/11,2011,140,505,0
5/21/11,2011,141,506,0
5/22/11,2011,142,507,0
5/23/11,2011,143,508,0
5/24/11,2011,144,509,0
5/25/11,2011,145,510,0
5/26/11,2011,146,511,0
5/27/11,2011,147,512,0
5/28/11,2011,148,513,0
5/29/11,2011,149,514,0
5/30/11,2011,150,515,0
5/31/11,2011,151,516,0
6/1/11,2011,152,517,0
6/2/11,2011,153,518,0
6/3/11,2011,154,519,0
6/4/11,2011,155,520,0
6/5/11,2011,156,521,0
6/6/11,2011,157,522,0
6/7/11,2011,158,523,0.03
6/8/11,2011,159,524,0
6/9/11,2011,160,525,0
6/10/11,2011,161,526,0
6/11/11,2011,162,527,0
6/12/11,2011,163,528,0
6/13/11,2011,164,529,0
6/14/11,2011,165,530,0
6/15/11,2011,166,531,0
6/16/11,2011,167,532,0
6/17/11,2011,168,533,0
6/18/11,2011,169,534,0
6/19/11,2011,170,535,0
6/20/11,2011,171,536,0
6/21/11,2011,172,537,0
6/22/11,2011,173,538,0
6/23/11,2011,174,539,0
6/24/11,2011,175,540,0
6/25/11,2011,176,541,0
6/26/11,2011,177,542,0
6/27/11,2011,178,543,0
6/28/11,2011,179,544,0
6/29/11,2011,180,545,0
6/30/11,2011,181,546,0
7/1/11,2011,182,547,0
7/2/11,2011,183,548,0
7/3/11,2011,184,549,0
7/4/11,2011,185,550,0
7/5/11,2011,186,551,0
7/6/11,2011,187,552,0
7/7/11,2011,188,553,0
7/8/11,2011,189,554,0
7/9/11,2011,190,555,0
7/10/11,2011,191,556,0
7/11/11,2011,192,557,0
7/12/11,2011,193,558,0
7/13/11,2011,194,559,0
7/14/11,2011,195,560,0
7/15/11,2011,196,561,0
7/16/11,2011,197,562,0
7/17/11,2011,198,563,0
7/18/11,2011,199,564,0
7/19/11,2011,200,565,0
7/20/11,2011,201,566,0
7/21/11,2011,202,567,0
7/22/11,2011,203,568,0
7/23/11,2011,204,569,0
7/24/11,2011,205,570,0
7/25/11,2011,206,571,0
7/26/11,2011,207,572,0
7/27/11,2011,208,573,0
7/28/11,2011,209,574,0
7/29/11,2011,210,575,0
7/30/11,2011,211,576,0
7/31/11,2011,212,577,0
8/1/11,2011,213,578,0
8/2/11,2011,214,579,0
8/3/11,2011,215,580,0
8/4/11,2011,216,581,0
8/5/11,2011,217,582,0
8/6/11,2011,218,583,0
8/7/11,2011,219,584,0
8/8/11,2011,220,585,0
8/9/11,2011,221,586,0
8/10/11,2011,222,587,0
8/11/11,2011,223,588,0
8/12/11,2011,224,589,0
8/13/11,2011,225,590,0
8/14/11,2011,226,591,0
8/15/11,2011,227,592,0
8/16/11,2011,228,593,0
8/17/11,2011,229,594,0
8/18/11,2011,230,595,0
8/19/11,2011,231,596,0
8/20/11,2011,232,597,0
8/21/11,2011,233,598,0
8/22/11,2011,234,599,0
8/23/11,2011,235,600,0
8/24/11,2011,236,601,0
8/25/11,2011,237,602,0
8/26/11,2011,238,603,0
8/27/11,2011,239,604,0
8/28/11,2011,240,605,0
8/29/11,2011,241,606,0
8/30/11,2011,242,607,0
8/31/11,2011,243,608,0
9/1/11,2011,244,609,0
9/2/11,2011,245,610,0
9/3/11,2011,246,611,0
9/4/11,2011,247,612,0
9/5/11,2011,248,613,0
9/6/11,2011,249,614,0
9/7/11,2011,250,615,0
9/8/11,2011,251,616,0
9/9/11,2011,252,617,0
9/10/11,2011,253,618,0
9/11/11,2011,254,619,0
9/12/11,2011,255,620,0
9/13/11,2011,256,621,0
9/14/11,2011,257,622,0
9/15/11,2011,258,623,0
9/16/11,2011,259,624,0
9/17/11,2011,260,625,0
9/18/11,2011,261,626,0
9/19/11,2011,262,627,0
9/20/11,2011,263,628,0
9/21/11,2011,264,629,0
9/22/11,2011,265,630,0
9/23/11,2011,266,631,0
9/24/11,2011,267,632,0
9/25/11,2011,268,633,0
9/26/11,2011,269,634,0
9/27/11,2011,270,635,0
9/28/11,2011,271,636,0
9/29/11,2011,272,637,0
9/30/11,2011,273,638,0
10/1/11,2011,274,639,0
10/2/11,2011,275,640,0
10/3/11,2011,276,641,0
10/4/11,2011,277,642,0
10/5/11,2011,278,643,0
10/6/11,2011,279,644,0
10/7/11,2011,280,645,0
10/8/11,2011,281,646,0
10/9/11,2011,282,647,0
10/10/11,2011,283,648,0
10/11/11,2011,284,649,0
10/12/11,2011,285,650,0
10/13/11,2011,286,651,0
10/14/11,2011,287,652,0
10/15/11,2011,288,653,0
10/16/11,2011,289,654,0
10/17/11,2011,290,655,0
10/18/11,2011,291,656,0
10/19/11,2011,292,657,0
10/20/11,2011,293,658,0
10/21/11,2011,294,659,0
10/22/11,2011,295,660,0
10/23/11,2011,296,661,0
10/24/11,2011,297,662,0
10/25/11,2011,298,663,0
10/26/11,2011,299,664,0
10/27/11,2011,300,665,0
10/28/11,2011,301,666,0
10/29/11,2011,302,667,0
10/30/11,2011,303,668,0
10/31/11,2011,304,669,0
11/1/11,2011,305,670,0
11/2/11,2011,306,671,0
11/3/11,2011,307,672,0
11/4/11,2011,308,673,0
11/5/11,2011,309,674,0
11/6/11,2011,310,675,0
11/7/11,2011,311,676,0
11/8/11,2011,312,677,0
11/9/11,2011,313,678,0
11/10/11,2011,314,679,0
11/11/11,2011,315,680,0
11/12/11,2011,316,681,0
11/13/11,2011,317,682,0
11/14/11,2011,318,683,0
11/15/11,2011,319,684,0
11/16/11,2011,320,685,0
11/17/11,2011,321,686,0
11/18/11,2011,322,687,0
11/19/11,2011,323,688,0
11/20/11,2011,324,689,0
11/21/11,2011,325,690,0
11/22/11,2011,326,691,0
11/23/11,2011,327,692,0
11/24/11,2011,328,693,0
11/25/11,2011,329,694,0
11/26/11,2011,330,695,0
11/27/11,2011,331,696,0
11/28/11,2011,332,697,0
11/29/11,2011,333,698,0
11/30/11,2011,334,699,0
12/1/11,2011,335,700,0
12/2/11,2011,336,701,0
12/3/11,2011,337,702,0
12/4/11,2011,338,703,0
12/5/11,2011,339,704,0
12/6/11,2011,340,705,0
12/7/11,2011,341,706,0
12/8/11,2011,342,707,0
12/9/11,2011,343,708,0
12/10/11,2011,344,709,0
12/11/11,2011,345,710,0
12/12/11,2011,346,711,0
12/13/11,2011,347,712,0
12/14/11,2011,348,713,0
12/15/11,2011,349,714,0
12/16/11,2011,350,715,0
12/17/11,2011,351,716,0
12/18/11,2011,352,717,0
12/19/11,2011,353,718,0
12/20/11,2011,354,719,0
12/21/11,2011,355,720,0
12/22/11,2011,356,721,0
12/23/11,2011,357,722,0
12/24/11,2011,358,723,0
12/25/11,2011,359,724,0
12/26/11,2011,360,725,0
12/27/11,2011,361,726,0
12/28/11,2011,362,727,0
12/29/11,2011,363,728,0
12/30/11,2011,364,729,0
12/31/11,2011,365,730,0
1/1/12,2012,1,731,0
1/2/12,2012,2,732,0
1/3/12,2012,3,733,0
1/4/12,2012,4,734,0
1/5/12,2012,5,735,0
1/6/12,2012,6,736,0
1/7/12,2012,7,737,0
1/8/12,2012,8,738,0
1/9/12,2012,9,739,0
1/10/12,2012,10,740,0
1/11/12,2012,11,741,0
1/12/12,2012,12,742,0
1/13/12,2012,13,743,0
1/14/12,2012,14,744,0
1/15/12,2012,15,745,0
1/16/12,2012,16,746,0
1/17/12,2012,17,747,0
1/18/12,2012,18,748,0
1/19/12,2012,19,749,0
1/20/12,2012,20,750,0
1/21/12,2012,21,751,0
1/22/12,2012,22,752,0
1/23/12,2012,23,753,0
1/24/12,2012,24,754,0
1/25/12,2012,25,755,0
1/26/12,2012,26,756,0
1/27/12,2012,27,757,0
1/28/12,2012,28,758,0
1/29/12,2012,29,759,0
1/30/12,2012,30,760,0
1/31/12,2012,31,761,0
2/1/12,2012,32,762,0
2/2/12,2012,33,763,0
2/3/12,2012,34,764,0
2/4/12,2012,35,765,0
2/5/12,2012,36,766,0
2/6/12,2012,37,767,0
2/7/12,2012,38,768,0
2/8/12,2012,39,769,0
2/9/12,2012,40,770,0
2/10/12,2012,41,771,0
2/11/12,2012,42,772,0
2/12/12,2012,43,773,0
2/13/12,2012,44,774,0
2/14/12,2012,45,775,0
2/15/12,2012,46,776,0
2/16/12,2012,47,777,0
2/17/12,2012,48,778,0
2/18/12,2012,49,779,0
2/19/12,2012,50,780,0
2/20/12,2012,51,781,0
2/21/12,2012,52,782,0.38
2/22/12,2012,53,783,0
2/23/12,2012,54,784,0
2/24/12,2012,55,785,0.39
2/25/12,2012,56,786,0
2/26/12,2012,57,787,0
2/27/12,2012,58,788,0
2/28/12,2012,59,789,0
2/29/12,2012,60,790,0
3/1/12,2012,61,791,0
3/2/12,2012,62,792,0
3/3/12,2012,63,793,0
3/4/12,2012,64,794,0
3/5/12,2012,65,795,0
3/6/12,2012,66,796,0
3/7/12,2012,67,797,0
3/8/12,2012,68,798,0
3/9/12,2012,69,799,0
3/10/12,2012,70,800,0
3/11/12,2012,71,801,0
3/12/12,2012,72,802,0
3/13/12,2012,73,803,0
3/14/12,2012,74,804,0
3/15/12,2012,75,805,0
3/16/12,2012,76,806,0
3/17/12,2012,77,807,0
3/18/12,2012,78,808,0
3/19/12,2012,79,809,0
3/20/12,2012,80,810,0
3/21/12,2012,81,811,0
3/22/12,2012,82,812,0
3/23/12,2012,83,813,0
3/24/12,2012,84,814,0
3/25/12,2012,85,815,0
3/26/12,2012,86,816,0
3/27/12,2012,87,817,0
3/28/12,2012,88,818,0
3/29/12,2012,89,819,0
3/30/12,2012,90,820,0
3/31/12,2012,91,821,0
4/1/12,2012,92,822,0
4/2/12,2012,93,823,0
4/3/12,2012,94,824,0
4/4/12,2012,95,825,0
4/5/12,2012,96,826,0
4/6/12,2012,97,827,0.08
4/7/12,2012,98,828,0
4/8/12,2012,99,829,0
4/9/12,2012,100,830,0.3
4/10/12,2012,101,831,0
4/11/12,2012,102,832,0
4/12/12,2012,103,833,0
4/13/12,2012,104,834,0
4/14/12,2012,105,835,0
4/15/12,2012,106,836,0
4/16/12,2012,107,837,0
4/17/12,2012,108,838,0
4/18/12,2012,109,839,0
4/19/12,2012,110,840,0
4/20/12,2012,111,841,0
4/21/12,2012,112,842,0
4/22/12,2012,113,843,0
4/23/12,2012,114,844,0
4/24/12,2012,115,845,0.02
4/25/12,2012,116,846,0.26
4/26/12,2012,117,847,0.67
4/27/12,2012,118,848,0
4/28/12,2012,119,849,0
4/29/12,2012,120,850,0
4/30/12,2012,121,851,0
5/1/12,2012,122,852,0
5/2/12,2012,123,853,0
5/3/12,2012,124,854,0
5/4/12,2012,125,855,0
5/5/12,2012,126,856,0
5/6/12,2012,127,857,0
5/7/12,2012,128,858,0
5/8/12,2012,129,859,0
5/9/12,2012,130,860,0
5/10/12,2012,131,861,0
5/11/12,2012,132,862,0
5/12/12,2012,133,863,0
5/13/12,2012,134,864,0
5/14/12,2012,135,865,0
5/15/12,2012,136,866,0
5/16/12,2012,137,867,0
5/17/12,2012,138,868,0
5/18/12,2012,139,869,0
5/19/12,2012,140,870,0
5/20/12,2012,141,871,0
5/21/12,2012,142,872,0
5/22/12,2012,143,873,0
5/23/12,2012,144,874,0
5/24/12,2012,145,875,0
5/25/12,2012,146,876,0
5/26/12,2012,147,877,0.01
5/27/12,2012,148,878,0
5/28/12,2012,149,879,0
5/29/12,2012,150,880,0
5/30/12,2012,151,881,0
5/31/12,2012,152,882,0
6/1/12,2012,153,883,0
6/2/12,2012,154,884,0
6/3/12,2012,155,885,0
6/4/12,2012,156,886,0
6/5/12,2012,157,887,0
6/6/12,2012,158,888,0
6/7/12,2012,159,889,0
6/8/12,2012,160,890,0
6/9/12,2012,161,891,0
6/10/12,2012,162,892,0
6/11/12,2012,163,893,0
6/12/12,2012,164,894,0
6/13/12,2012,165,895,0
6/14/12,2012,166,896,0
6/15/12,2012,167,897,0
6/16/12,2012,168,898,0
6/17/12,2012,169,899,0
6/18/12,2012,170,900,0
6/19/12,2012,171,901,0
6/20/12,2012,172,902,0
6/21/12,2012,173,903,0
6/22/12,2012,174,904,0
6/23/12,2012,175,905,0
6/24/12,2012,176,906,0
6/25/12,2012,177,907,0
6/26/12,2012,178,908,0
6/27/12,2012,179,909,0
6/28/12,2012,180,910,0
6/29/12,2012,181,911,0
6/30/12,2012,182,912,0
7/1/12,2012,183,913,0
7/2/12,2012,184,914,0
7/3/12,2012,185,915,0
7/4/12,2012,186,916,0.01
7/5/12,2012,187,917,0
7/6/12,2012,188,918,0
7/7/12,2012,189,919,0
7/8/12,2012,190,920,0
7/9/12,2012,191,921,0
7/10/12,2012,192,922,0
7/11/12,2012,193,923,0
7/12/12,2012,194,924,0.02
7/13/12,2012,195,925,0.07
7/14/12,2012,196,926,0
7/15/12,2012,197,927,0
7/16/12,2012,198,928,0
7/17/12,2012,199,929,0
7/18/12,2012,200,930,0
7/19/12,2012,201,931,0
7/20/12,2012,202,932,0
7/21/12,2012,203,933,0
7/22/12,2012,204,934,0
7/23/12,2012,205,935,0
7/24/12,2012,206,936,0
7/25/12,2012,207,937,0
7/26/12,2012,208,938,0
7/27/12,2012,209,939,0
7/28/12,2012,210,940,0
7/29/12,2012,211,941,0
7/30/12,2012,212,942,0
7/31/12,2012,213,943,0
8/1/12,2012,214,944,0.01
8/2/12,2012,215,945,0
8/3/12,2012,216,946,0
8/4/12,2012,217,947,0
8/5/12,2012,218,948,0
8/6/12,2012,219,949,0.5
8/7/12,2012,220,950,0
8/8/12,2012,221,951,0
8/9/12,2012,222,952,0.03
8/10/12,2012,223,953,0.01
8/11/12,2012,224,954,0.21
8/12/12,2012,225,955,0.03
8/13/12,2012,226,956,0.14
8/14/12,2012,227,957,0.01
8/15/12,2012,228,958,0
8/16/12,2012,229,959,0
8/17/12,2012,230,960,0
8/18/12,2012,231,961,0
8/19/12,2012,232,962,0
8/20/12,2012,233,963,0
8/21/12,2012,234,964,0
8/22/12,2012,235,965,0
8/23/12,2012,236,966,0
8/24/12,2012,237,967,0
8/25/12,2012,238,968,0
8/26/12,2012,239,969,0
8/27/12,2012,240,970,0
8/28/12,2012,241,971,0
8/29/12,2012,242,972,0.26
8/30/12,2012,243,973,0.31
8/31/12,2012,244,974,0
9/1/12,2012,245,975,0
9/2/12,2012,246,976,0
9/3/12,2012,247,977,0
9/4/12,2012,248,978,0
9/5/12,2012,249,979,0
9/6/12,2012,250,980,0
9/7/12,2012,251,981,0
9/8/12,2012,252,982,0
9/9/12,2012,253,983,0.04
9/10/12,2012,254,984,0
9/11/12,2012,255,985,0
9/12/12,2012,256,986,0
9/13/12,2012,257,987,0
9/14/12,2012,258,988,0
9/15/12,2012,259,989,0
9/16/12,2012,260,990,0
9/17/12,2012,261,991,0
9/18/12,2012,262,992,0
9/19/12,2012,263,993,0
9/20/12,2012,264,994,0
9/21/12,2012,265,995,0
9/22/12,2012,266,996,0
9/23/12,2012,267,997,0
9/24/12,2012,268,998,0
9/25/12,2012,269,999,0
9/26/12,2012,270,1000,0
9/27/12,2012,271,1001,0
9/28/12,2012,272,1002,0
9/29/12,2012,273,1003,0
9/30/12,2012,274,1004,0
10/1/12,2012,275,1005,0
10/2/12,2012,276,1006,0
10/3/12,2012,277,1007,0
10/4/12,2012,278,1008,0
10/5/12,2012,279,1009,0
10/6/12,2012,280,1010,0
10/7/12,2012,281,1011,0
10/8/12,2012,282,1012,0
10/9/12,2012,283,1013,0
10/10/12,2012,284,1014,0
10/11/12,2012,285,1015,0.27
10/12/12,2012,286,1016,0
10/13/12,2012,287,1017,0
10/14/12,2012,288,1018,0
10/15/12,2012,289,1019,0
10/16/12,2012,290,1020,0
10/17/12,2012,291,1021,0
10/18/12,2012,292,1022,0
10/19/12,2012,293,1023,0
10/20/12,2012,294,1024,0
10/21/12,2012,295,1025,0
10/22/12,2012,296,1026,0
10/23/12,2012,297,1027,0
10/24/12,2012,298,1028,0
10/25/12,2012,299,1029,0
10/26/12,2012,300,1030,0
10/27/12,2012,301,1031,0
10/28/12,2012,302,1032,0
10/29/12,2012,303,1033,0
10/30/12,2012,304,1034,0
10/31/12,2012,305,1035,0
11/1/12,2012,306,1036,0
11/2/12,2012,307,1037,0
11/3/12,2012,308,1038,0
11/4/12,2012,309,1039,0
11/5/12,2012,310,1040,0
11/6/12,2012,311,1041,0
11/7/12,2012,312,1042,0
11/8/12,2012,313,1043,0.38
11/9/12,2012,314,1044,0.33
11/10/12,2012,315,1045,0
11/11/12,2012,316,1046,0
11/12/12,2012,317,1047,0
11/13/12,2012,318,1048,0
11/14/12,2012,319,1049,0
11/15/12,2012,320,1050,0
11/16/12,2012,321,1051,0.01
11/17/12,2012,322,1052,0.11
11/18/12,2012,323,1053,0
11/19/12,2012,324,1054,0
11/20/12,2012,325,1055,0
11/21/12,2012,326,1056,0
11/22/12,2012,327,1057,0
11/23/12,2012,328,1058,0
11/24/12,2012,329,1059,0
11/25/12,2012,330,1060,0
11/26/12,2012,331,1061,0
11/27/12,2012,332,1062,0
11/28/12,2012,333,1063,0
11/29/12,2012,334,1064,0.39
11/30/12,2012,335,1065,0.35
12/1/12,2012,336,1066,0
12/2/12,2012,337,1067,0.1
12/3/12,2012,338,1068,0.07
12/4/12,2012,339,1069,0
12/5/12,2012,340,1070,0
12/6/12,2012,341,1071,0
12/7/12,2012,342,1072,0
12/8/12,2012,343,1073,0
12/9/12,2012,344,1074,0
12/10/12,2012,345,1075,0
12/11/12,2012,346,1076,0
12/12/12,2012,347,1077,0
12/13/12,2012,348,1078,1.22
12/14/12,2012,349,1079,0.1
12/15/12,2012,350,1080,0.29
12/16/12,2012,351,1081,0.01
12/17/12,2012,352,1082,0
12/18/12,2012,353,1083,0.92
12/19/12,2012,354,1084,0
12/20/12,2012,355,1085,0
12/21/12,2012,356,1086,0
12/22/12,2012,357,1087,0
12/23/12,2012,358,1088,0
12/24/12,2012,359,1089,0.19
12/25/12,2012,360,1090,0
12/26/12,2012,361,1091,0.61
12/27/12,2012,362,1092,0
12/28/12,2012,363,1093,0
12/29/12,2012,364,1094,0.11
12/30/12,2012,365,1095,0.33
12/31/12,2012,366,1096,0
1/1/13,2013,1,1097,0
1/2/13,2013,2,1098,0
1/3/13,2013,3,1099,0
1/4/13,2013,4,1100,0
1/5/13,2013,5,1101,0
1/6/13,2013,6,1102,0.04
1/7/13,2013,7,1103,0
1/8/13,2013,8,1104,0
1/9/13,2013,9,1105,0
1/10/13,2013,10,1106,0.09
1/11/13,2013,11,1107,0
1/12/13,2013,12,1108,0
1/13/13,2013,13,1109,0
1/14/13,2013,14,1110,0
1/15/13,2013,15,1111,0
1/16/13,2013,16,1112,0
1/17/13,2013,17,1113,0
1/18/13,2013,18,1114,0
1/19/13,2013,19,1115,0
1/20/13,2013,20,1116,0
1/21/13,2013,21,1117,0
1/22/13,2013,22,1118,0
1/23/13,2013,23,1119,0
1/24/13,2013,24,1120,0.33
1/25/13,2013,25,1121,0.48
1/26/13,2013,26,1122,0.81
1/27/13,2013,27,1123,0.2
1/28/13,2013,28,1124,0.24
1/29/13,2013,29,1125,0
1/30/13,2013,30,1126,0
1/31/13,2013,31,1127,0
2/1/13,2013,32,1128,0
2/2/13,2013,33,1129,0
2/3/13,2013,34,1130,0.05
2/4/13,2013,35,1131,0
2/5/13,2013,36,1132,0
2/6/13,2013,37,1133,0
2/7/13,2013,38,1134,0
2/8/13,2013,39,1135,0.61
2/9/13,2013,40,1136,0.36
2/10/13,2013,41,1137,-9999
2/11/13,2013,42,1138,-9999
2/12/13,2013,43,1139,-9999
2/13/13,2013,44,1140,-9999
2/14/13,2013,45,1141,-9999
2/15/13,2013,46,1142,0
2/16/13,2013,47,1143,0
2/17/13,2013,48,1144,0
2/18/13,2013,49,1145,0
2/19/13,2013,50,1146,0.93
2/20/13,2013,51,1147,0.42
2/21/13,2013,52,1148,0
2/22/13,2013,53,1149,0
2/23/13,2013,54,1150,0
2/24/13,2013,55,1151,0
2/25/13,2013,56,1152,0
2/26/13,2013,57,1153,0
2/27/13,2013,58,1154,0
2/28/13,2013,59,1155,0
3/1/13,2013,60,1156,0
3/2/13,2013,61,1157,0
3/3/13,2013,62,1158,0
3/4/13,2013,63,1159,0
3/5/13,2013,64,1160,0
3/6/13,2013,65,1161,0
3/7/13,2013,66,1162,0.16
3/8/13,2013,67,1163,1.91
3/9/13,2013,68,1164,0.35
3/10/13,2013,69,1165,0
3/11/13,2013,70,1166,0
3/12/13,2013,71,1167,0
3/13/13,2013,72,1168,0
3/14/13,2013,73,1169,0
3/15/13,2013,74,1170,0
3/16/13,2013,75,1171,0
3/17/13,2013,76,1172,0
3/18/13,2013,77,1173,0
3/19/13,2013,78,1174,0
3/20/13,2013,79,1175,0
3/21/13,2013,80,1176,0
3/22/13,2013,81,1177,0
3/23/13,2013,82,1178,0
3/24/13,2013,83,1179,0
3/25/13,2013,84,1180,0
3/26/13,2013,85,1181,0
3/27/13,2013,86,1182,0
3/28/13,2013,87,1183,0
3/29/13,2013,88,1184,0
3/30/13,2013,89,1185,0
3/31/13,2013,90,1186,0
4/1/13,2013,91,1187,0
4/2/13,2013,92,1188,0
4/3/13,2013,93,1189,0
4/4/13,2013,94,1190,0
4/5/13,2013,95,1191,0
4/6/13,2013,96,1192,0
4/7/13,2013,97,1193,0
4/8/13,2013,98,1194,0.22
4/9/13,2013,99,1195,0
4/10/13,2013,100,1196,0
4/11/13,2013,101,1197,0
4/12/13,2013,102,1198,0
4/13/13,2013,103,1199,0
4/14/13,2013,104,1200,0
4/15/13,2013,105,1201,0
4/16/13,2013,106,1202,0
4/17/13,2013,107,1203,0
4/18/13,2013,108,1204,0
4/19/13,2013,109,1205,0
4/20/13,2013,110,1206,0
4/21/13,2013,111,1207,0
4/22/13,2013,112,1208,0
4/23/13,2013,113,1209,0
4/24/13,2013,114,1210,0
4/25/13,2013,115,1211,0
4/26/13,2013,116,1212,0
4/27/13,2013,117,1213,0
4/28/13,2013,118,1214,0
4/29/13,2013,119,1215,0
4/30/13,2013,120,1216,0
5/1/13,2013,121,1217,0
5/2/13,2013,122,1218,0
5/3/13,2013,123,1219,0
5/4/13,2013,124,1220,0
5/5/13,2013,125,1221,0
5/6/13,2013,126,1222,0.59
5/7/13,2013,127,1223,0.19
5/8/13,2013,128,1224,0.01
5/9/13,2013,129,1225,0.12
5/10/13,2013,130,1226,0
5/11/13,2013,131,1227,0
5/12/13,2013,132,1228,0
5/13/13,2013,133,1229,0
5/14/13,2013,134,1230,0
5/15/13,2013,135,1231,0
5/16/13,2013,136,1232,0
5/17/13,2013,137,1233,0
5/18/13,2013,138,1234,0
5/19/13,2013,139,1235,0
5/20/13,2013,140,1236,0
5/21/13,2013,141,1237,0
5/22/13,2013,142,1238,0
5/23/13,2013,143,1239,0
5/24/13,2013,144,1240,0
5/25/13,2013,145,1241,0
5/26/13,2013,146,1242,0
5/27/13,2013,147,1243,0
5/28/13,2013,148,1244,0
5/29/13,2013,149,1245,0
5/30/13,2013,150,1246,0
5/31/13,2013,151,1247,0
6/1/13,2013,152,1248,0
6/2/13,2013,153,1249,0
6/3/13,2013,154,1250,0
6/4/13,2013,155,1251,0
6/5/13,2013,156,1252,0
6/6/13,2013,157,1253,0
6/7/13,2013,158,1254,0
6/8/13,2013,159,1255,0
6/9/13,2013,160,1256,0
6/10/13,2013,161,1257,0
6/11/13,2013,162,1258,0
6/12/13,2013,163,1259,0
6/13/13,2013,164,1260,0
6/14/13,2013,165,1261,0
6/15/13,2013,166,1262,0
6/16/13,2013,167,1263,0
6/17/13,2013,168,1264,0
6/18/13,2013,169,1265,0
6/19/13,2013,170,1266,0
6/20/13,2013,171,1267,0
6/21/13,2013,172,1268,0
6/22/13,2013,173,1269,0
6/23/13,2013,174,1270,0
6/24/13,2013,175,1271,0
6/25/13,2013,176,1272,0
6/26/13,2013,177,1273,0
6/27/13,2013,178,1274,0
6/28/13,2013,179,1275,0
6/29/13,2013,180,1276,0
6/30/13,2013,181,1277,0
7/1/13,2013,182,1278,0
7/2/13,2013,183,1279,0
7/3/13,2013,184,1280,0
7/4/13,2013,185,1281,0
7/5/13,2013,186,1282,0
7/6/13,2013,187,1283,0
7/7/13,2013,188,1284,0
7/8/13,2013,189,1285,0
7/9/13,2013,190,1286,0
7/10/13,2013,191,1287,0
7/11/13,2013,192,1288,0
7/12/13,2013,193,1289,0
7/13/13,2013,194,1290,0
7/14/13,2013,195,1291,0
7/15/13,2013,196,1292,0
7/16/13,2013,197,1293,0
7/17/13,2013,198,1294,0
7/18/13,2013,199,1295,0
7/19/13,2013,200,1296,0
7/20/13,2013,201,1297,0
7/21/13,2013,202,1298,0.68
7/22/13,2013,203,1299,0.01
7/23/13,2013,204,1300,0
7/24/13,2013,205,1301,0
7/25/13,2013,206,1302,0
7/26/13,2013,207,1303,0
7/27/13,2013,208,1304,0
7/28/13,2013,209,1305,0
7/29/13,2013,210,1306,0
7/30/13,2013,211,1307,0
7/31/13,2013,212,1308,0
8/1/13,2013,213,1309,0
8/2/13,2013,214,1310,0
8/3/13,2013,215,1311,0
8/4/13,2013,216,1312,0
8/5/13,2013,217,1313,0
8/6/13,2013,218,1314,0
8/7/13,2013,219,1315,0
8/8/13,2013,220,1316,0
8/9/13,2013,221,1317,0
8/10/13,2013,222,1318,0
8/11/13,2013,223,1319,0
8/12/13,2013,224,1320,0
8/13/13,2013,225,1321,0
8/14/13,2013,226,1322,0
8/15/13,2013,227,1323,0
8/16/13,2013,228,1324,0
8/17/13,2013,229,1325,0
8/18/13,2013,230,1326,0
8/19/13,2013,231,1327,0
8/20/13,2013,232,1328,0
8/21/13,2013,233,1329,0
8/22/13,2013,234,1330,0
8/23/13,2013,235,1331,0
8/24/13,2013,236,1332,0
8/25/13,2013,237,1333,0.06
8/26/13,2013,238,1334,0.06
8/27/13,2013,239,1335,0
8/28/13,2013,240,1336,0
8/29/13,2013,241,1337,0.07
8/30/13,2013,242,1338,0.04
8/31/13,2013,243,1339,0
9/1/13,2013,244,1340,0
9/2/13,2013,245,1341,0.24
9/3/13,2013,246,1342,0.07
9/4/13,2013,247,1343,0.03
9/5/13,2013,248,1344,0.06
9/6/13,2013,249,1345,0
9/7/13,2013,250,1346,0.05
9/8/13,2013,251,1347,0
9/9/13,2013,252,1348,0.01
9/10/13,2013,253,1349,0
9/11/13,2013,254,1350,0
9/12/13,2013,255,1351,0
9/13/13,2013,256,1352,0
9/14/13,2013,257,1353,0
9/15/13,2013,258,1354,0
9/16/13,2013,259,1355,0
9/17/13,2013,260,1356,0
9/18/13,2013,261,1357,0
9/19/13,2013,262,1358,0
9/20/13,2013,263,1359,0
9/21/13,2013,264,1360,0
9/22/13,2013,265,1361,0
9/23/13,2013,266,1362,0
9/24/13,2013,267,1363,0
9/25/13,2013,268,1364,0
9/26/13,2013,269,1365,0
9/27/13,2013,270,1366,0
9/28/13,2013,271,1367,0
9/29/13,2013,272,1368,0
9/30/13,2013,273,1369,0
10/1/13,2013,274,1370,0
10/2/13,2013,275,1371,0
10/3/13,2013,276,1372,0
10/4/13,2013,277,1373,0
10/5/13,2013,278,1374,0
10/6/13,2013,279,1375,0
10/7/13,2013,280,1376,0
10/8/13,2013,281,1377,0
10/9/13,2013,282,1378,1.52
10/10/13,2013,283,1379,0.02
10/11/13,2013,284,1380,0
10/12/13,2013,285,1381,0
10/13/13,2013,286,1382,0
10/14/13,2013,287,1383,0
10/15/13,2013,288,1384,0
10/16/13,2013,289,1385,0
10/17/13,2013,290,1386,0
10/18/13,2013,291,1387,0
10/19/13,2013,292,1388,0
10/20/13,2013,293,1389,0
10/21/13,2013,294,1390,0
10/22/13,2013,295,1391,0
10/23/13,2013,296,1392,0
10/24/13,2013,297,1393,0
10/25/13,2013,298,1394,0
10/26/13,2013,299,1395,0
10/27/13,2013,300,1396,0
10/28/13,2013,301,1397,0.17
10/29/13,2013,302,1398,0.01
10/30/13,2013,303,1399,0
10/31/13,2013,304,1400,0
11/1/13,2013,305,1401,0
11/2/13,2013,306,1402,0
11/3/13,2013,307,1403,0
11/4/13,2013,308,1404,0
11/5/13,2013,309,1405,0
11/6/13,2013,310,1406,0
11/7/13,2013,311,1407,0
11/8/13,2013,312,1408,0
11/9/13,2013,313,1409,0
11/10/13,2013,314,1410,0
11/11/13,2013,315,1411,0
11/12/13,2013,316,1412,0
11/13/13,2013,317,1413,0
11/14/13,2013,318,1414,0
11/15/13,2013,319,1415,0.01
11/16/13,2013,320,1416,0.02
11/17/13,2013,321,1417,0
11/18/13,2013,322,1418,0
11/19/13,2013,323,1419,0
11/20/13,2013,324,1420,0
11/21/13,2013,325,1421,0.21
11/22/13,2013,326,1422,0.13
11/23/13,2013,327,1423,0
11/24/13,2013,328,1424,0
11/25/13,2013,329,1425,0
11/26/13,2013,330,1426,0
11/27/13,2013,331,1427,0
11/28/13,2013,332,1428,0
11/29/13,2013,333,1429,0.16
11/30/13,2013,334,1430,0
12/1/13,2013,335,1431,0
12/2/13,2013,336,1432,0
12/3/13,2013,337,1433,0.01
12/4/13,2013,338,1434,0.03
12/5/13,2013,339,1435,0.15
12/6/13,2013,340,1436,0
12/7/13,2013,341,1437,0.34
12/8/13,2013,342,1438,0
12/9/13,2013,343,1439,0
12/10/13,2013,344,1440,0
12/11/13,2013,345,1441,0
12/12/13,2013,346,1442,0
12/13/13,2013,347,1443,0
12/14/13,2013,348,1444,0
12/15/13,2013,349,1445,0
12/16/13,2013,350,1446,0
12/17/13,2013,351,1447,0
12/18/13,2013,352,1448,0
12/19/13,2013,353,1449,0.45
12/20/13,2013,354,1450,0
12/21/13,2013,355,1451,0
12/22/13,2013,356,1452,0
12/23/13,2013,357,1453,0
12/24/13,2013,358,1454,0
12/25/13,2013,359,1455,0
12/26/13,2013,360,1456,0
12/27/13,2013,361,1457,0
12/28/13,2013,362,1458,0
12/29/13,2013,363,1459,0
12/30/13,2013,364,1460,0
12/31/13,2013,365,1461,0
1/1/14,2014,1,1462,0
1/2/14,2014,2,1463,0
1/3/14,2014,3,1464,0
1/4/14,2014,4,1465,0
1/5/14,2014,5,1466,0
1/6/14,2014,6,1467,0
1/7/14,2014,7,1468,0
1/8/14,2014,8,1469,0
1/9/14,2014,9,1470,0
1/10/14,2014,10,1471,0
1/11/14,2014,11,1472,0
1/12/14,2014,12,1473,0
1/13/14,2014,13,1474,0
1/14/14,2014,14,1475,0
1/15/14,2014,15,1476,0
1/16/14,2014,16,1477,0
1/17/14,2014,17,1478,0
1/18/14,2014,18,1479,0
1/19/14,2014,19,1480,0
1/20/14,2014,20,1481,0
1/21/14,2014,21,1482,0
1/22/14,2014,22,1483,0
1/23/14,2014,23,1484,0
1/24/14,2014,24,1485,0
1/25/14,2014,25,1486,0
1/26/14,2014,26,1487,0
1/27/14,2014,27,1488,0
1/28/14,2014,28,1489,0
1/29/14,2014,29,1490,0
1/30/14,2014,30,1491,0
1/31/14,2014,31,1492,0.25
2/1/14,2014,32,1493,0
2/2/14,2014,33,1494,0
2/3/14,2014,34,1495,0
2/4/14,2014,35,1496,0
2/5/14,2014,36,1497,0
2/6/14,2014,37,1498,0.37
2/7/14,2014,38,1499,0.06
2/8/14,2014,39,1500,0
2/9/14,2014,40,1501,0
2/10/14,2014,41,1502,0
2/11/14,2014,42,1503,0
2/12/14,2014,43,1504,0
2/13/14,2014,44,1505,0
2/14/14,2014,45,1506,0
2/15/14,2014,46,1507,0
2/16/14,2014,47,1508,0
2/17/14,2014,48,1509,0
2/18/14,2014,49,1510,0
2/19/14,2014,50,1511,0
2/20/14,2014,51,1512,0
2/21/14,2014,52,1513,0
2/22/14,2014,53,1514,0
2/23/14,2014,54,1515,0
2/24/14,2014,55,1516,0
2/25/14,2014,56,1517,0
2/26/14,2014,57,1518,0
2/27/14,2014,58,1519,0.46
2/28/14,2014,59,1520,0.01
3/1/14,2014,60,1521,1.06
3/2/14,2014,61,1522,0.3
3/3/14,2014,62,1523,0
3/4/14,2014,63,1524,0
3/5/14,2014,64,1525,0
3/6/14,2014,65,1526,0
3/7/14,2014,66,1527,0
3/8/14,2014,67,1528,0
3/9/14,2014,68,1529,0
3/10/14,2014,69,1530,0
3/11/14,2014,70,1531,0
3/12/14,2014,71,1532,0
3/13/14,2014,72,1533,0
3/14/14,2014,73,1534,0
3/15/14,2014,74,1535,0
3/16/14,2014,75,1536,0
3/17/14,2014,76,1537,0
3/18/14,2014,77,1538,0
3/19/14,2014,78,1539,0
3/20/14,2014,79,1540,0
3/21/14,2014,80,1541,0
3/22/14,2014,81,1542,0
3/23/14,2014,82,1543,0
3/24/14,2014,83,1544,0
3/25/14,2014,84,1545,0
3/26/14,2014,85,1546,0.15
3/27/14,2014,86,1547,0.02
3/28/14,2014,87,1548,0
3/29/14,2014,88,1549,0
3/30/14,2014,89,1550,0
3/31/14,2014,90,1551,0
4/1/14,2014,91,1552,0.19
4/2/14,2014,92,1553,0.44
4/3/14,2014,93,1554,0.01
4/4/14,2014,94,1555,0
4/5/14,2014,95,1556,0
4/6/14,2014,96,1557,0
4/7/14,2014,97,1558,0
4/8/14,2014,98,1559,0
4/9/14,2014,99,1560,0
4/10/14,2014,100,1561,0
4/11/14,2014,101,1562,0
4/12/14,2014,102,1563,0
4/13/14,2014,103,1564,0
4/14/14,2014,104,1565,0
4/15/14,2014,105,1566,0
4/16/14,2014,106,1567,0
4/17/14,2014,107,1568,0
4/18/14,2014,108,1569,0
4/19/14,2014,109,1570,0
4/20/14,2014,110,1571,0
4/21/14,2014,111,1572,0
4/22/14,2014,112,1573,0
4/23/14,2014,113,1574,0
4/24/14,2014,114,1575,0
4/25/14,2014,115,1576,0.5
4/26/14,2014,116,1577,0.64
4/27/14,2014,117,1578,0
4/28/14,2014,118,1579,0
4/29/14,2014,119,1580,0
4/30/14,2014,120,1581,0
5/1/14,2014,121,1582,0
5/2/14,2014,122,1583,0
5/3/14,2014,123,1584,0
5/4/14,2014,124,1585,0
5/5/14,2014,125,1586,0
5/6/14,2014,126,1587,0.09
5/7/14,2014,127,1588,0
5/8/14,2014,128,1589,0
5/9/14,2014,129,1590,0
5/10/14,2014,130,1591,0
5/11/14,2014,131,1592,0
5/12/14,2014,132,1593,0
5/13/14,2014,133,1594,0
5/14/14,2014,134,1595,0
5/15/14,2014,135,1596,0
5/16/14,2014,136,1597,0
5/17/14,2014,137,1598,0
5/18/14,2014,138,1599,0
5/19/14,2014,139,1600,0
5/20/14,2014,140,1601,0
5/21/14,2014,141,1602,0
5/22/14,2014,142,1603,0.41
5/23/14,2014,143,1604,0
5/24/14,2014,144,1605,0
5/25/14,2014,145,1606,0
5/26/14,2014,146,1607,0
5/27/14,2014,147,1608,0
5/28/14,2014,148,1609,0
5/29/14,2014,149,1610,0
5/30/14,2014,150,1611,0
5/31/14,2014,151,1612,0
6/1/14,2014,152,1613,0
6/2/14,2014,153,1614,0
6/3/14,2014,154,1615,0
6/4/14,2014,155,1616,0
6/5/14,2014,156,1617,0
6/6/14,2014,157,1618,0
6/7/14,2014,158,1619,0
6/8/14,2014,159,1620,0
6/9/14,2014,160,1621,0
6/10/14,2014,161,1622,0
6/11/14,2014,162,1623,0
6/12/14,2014,163,1624,0
6/13/14,2014,164,1625,0
6/14/14,2014,165,1626,0
6/15/14,2014,166,1627,0
6/16/14,2014,167,1628,0
6/17/14,2014,168,1629,0
6/18/14,2014,169,1630,0
6/19/14,2014,170,1631,0
6/20/14,2014,171,1632,0
6/21/14,2014,172,1633,0
6/22/14,2014,173,1634,0
6/23/14,2014,174,1635,0
6/24/14,2014,175,1636,0
6/25/14,2014,176,1637,0
6/26/14,2014,177,1638,0
6/27/14,2014,178,1639,0
6/28/14,2014,179,1640,0
6/29/14,2014,180,1641,0
6/30/14,2014,181,1642,0
7/1/14,2014,182,1643,0
7/2/14,2014,183,1644,0
7/3/14,2014,184,1645,0
7/4/14,2014,185,1646,0
7/5/14,2014,186,1647,0
7/6/14,2014,187,1648,0
7/7/14,2014,188,1649,0
7/8/14,2014,189,1650,0
7/9/14,2014,190,1651,0
7/10/14,2014,191,1652,0
7/11/14,2014,192,1653,0
7/12/14,2014,193,1654,0
7/13/14,2014,194,1655,0
7/14/14,2014,195,1656,0
7/15/14,2014,196,1657,0
7/16/14,2014,197,1658,0
7/17/14,2014,198,1659,0
7/18/14,2014,199,1660,0
7/19/14,2014,200,1661,0
7/20/14,2014,201,1662,0
7/21/14,2014,202,1663,0
7/22/14,2014,203,1664,0
7/23/14,2014,204,1665,0
7/24/14,2014,205,1666,0
7/25/14,2014,206,1667,0
7/26/14,2014,207,1668,0
7/27/14,2014,208,1669,0.19
7/28/14,2014,209,1670,0
7/29/14,2014,210,1671,0
7/30/14,2014,211,1672,0
7/31/14,2014,212,1673,0
8/1/14,2014,213,1674,0
8/2/14,2014,214,1675,2.11
8/3/14,2014,215,1676,1.53
8/4/14,2014,216,1677,0
8/5/14,2014,217,1678,0
8/6/14,2014,218,1679,0
8/7/14,2014,219,1680,0
8/8/14,2014,220,1681,0
8/9/14,2014,221,1682,0
8/10/14,2014,222,1683,0
8/11/14,2014,223,1684,0
8/12/14,2014,224,1685,0
8/13/14,2014,225,1686,0
8/14/14,2014,226,1687,0
8/15/14,2014,227,1688,0
8/16/14,2014,228,1689,0
8/17/14,2014,229,1690,0
8/18/14,2014,230,1691,0
8/19/14,2014,231,1692,0
8/20/14,2014,232,1693,0.28
8/21/14,2014,233,1694,0.07
8/22/14,2014,234,1695,0
8/23/14,2014,235,1696,0
8/24/14,2014,236,1697,0
8/25/14,2014,237,1698,0
8/26/14,2014,238,1699,0
8/27/14,2014,239,1700,0
8/28/14,2014,240,1701,0
8/29/14,2014,241,1702,0
8/30/14,2014,242,1703,0
8/31/14,2014,243,1704,0
9/1/14,2014,244,1705,0
9/2/14,2014,245,1706,0
9/3/14,2014,246,1707,0
9/4/14,2014,247,1708,0
9/5/14,2014,248,1709,0
9/6/14,2014,249,1710,0
9/7/14,2014,250,1711,0.57
9/8/14,2014,251,1712,0.09
9/9/14,2014,252,1713,0.04
9/10/14,2014,253,1714,0.02
9/11/14,2014,254,1715,0.02
9/12/14,2014,255,1716,0.01
9/13/14,2014,256,1717,0
9/14/14,2014,257,1718,0.01
9/15/14,2014,258,1719,0
9/16/14,2014,259,1720,0
9/17/14,2014,260,1721,0
9/18/14,2014,261,1722,0
9/19/14,2014,262,1723,0
9/20/14,2014,263,1724,0
9/21/14,2014,264,1725,0
9/22/14,2014,265,1726,0
9/23/14,2014,266,1727,0
9/24/14,2014,267,1728,0
9/25/14,2014,268,1729,0
9/26/14,2014,269,1730,0
9/27/14,2014,270,1731,0
9/28/14,2014,271,1732,0
9/29/14,2014,272,1733,0
9/30/14,2014,273,1734,0
10/1/14,2014,274,1735,0
10/2/14,2014,275,1736,0
10/3/14,2014,276,1737,0
10/4/14,2014,277,1738,0
10/5/14,2014,278,1739,0
10/6/14,2014,279,1740,0
10/7/14,2014,280,1741,0
10/8/14,2014,281,1742,0
10/9/14,2014,282,1743,0
10/10/14,2014,283,1744,0
10/11/14,2014,284,1745,0
10/12/14,2014,285,1746,0
10/13/14,2014,286,1747,0
10/14/14,2014,287,1748,0
10/15/14,2014,288,1749,0
10/16/14,2014,289,1750,0
10/17/14,2014,290,1751,0
10/18/14,2014,291,1752,0
10/19/14,2014,292,1753,0
10/20/14,2014,293,1754,0
10/21/14,2014,294,1755,0
10/22/14,2014,295,1756,0
10/23/14,2014,296,1757,0
10/24/14,2014,297,1758,0
10/25/14,2014,298,1759,0
10/26/14,2014,299,1760,0
10/27/14,2014,300,1761,0
10/28/14,2014,301,1762,0
10/29/14,2014,302,1763,0
10/30/14,2014,303,1764,0
10/31/14,2014,304,1765,0
11/1/14,2014,305,1766,0.02
11/2/14,2014,306,1767,0.6
11/3/14,2014,307,1768,0
11/4/14,2014,308,1769,0
11/5/14,2014,309,1770,0
11/6/14,2014,310,1771,0
11/7/14,2014,311,1772,0
11/8/14,2014,312,1773,0
11/9/14,2014,313,1774,0
11/10/14,2014,314,1775,0
11/11/14,2014,315,1776,0
11/12/14,2014,316,1777,0.01
11/13/14,2014,317,1778,0
11/14/14,2014,318,1779,0
11/15/14,2014,319,1780,0
11/16/14,2014,320,1781,0
11/17/14,2014,321,1782,0
11/18/14,2014,322,1783,0
11/19/14,2014,323,1784,0
11/20/14,2014,324,1785,0
11/21/14,2014,325,1786,1.38
11/22/14,2014,326,1787,0
11/23/14,2014,327,1788,0
11/24/14,2014,328,1789,0
11/25/14,2014,329,1790,0
11/26/14,2014,330,1791,0
11/27/14,2014,331,1792,0
11/28/14,2014,332,1793,0
11/29/14,2014,333,1794,0
11/30/14,2014,334,1795,0
12/1/14,2014,335,1796,0
12/2/14,2014,336,1797,1.99
12/3/14,2014,337,1798,0.72
12/4/14,2014,338,1799,1.69
12/5/14,2014,339,1800,0
12/6/14,2014,340,1801,0
12/7/14,2014,341,1802,0
12/8/14,2014,342,1803,0
12/9/14,2014,343,1804,0
12/10/14,2014,344,1805,0
12/11/14,2014,345,1806,0
12/12/14,2014,346,1807,1.68
12/13/14,2014,347,1808,0.12
12/14/14,2014,348,1809,0
12/15/14,2014,349,1810,0
12/16/14,2014,350,1811,0.22
12/17/14,2014,351,1812,0.68
12/18/14,2014,352,1813,0
12/19/14,2014,353,1814,0
12/20/14,2014,354,1815,0
12/21/14,2014,355,1816,0
12/22/14,2014,356,1817,0
12/23/14,2014,357,1818,0
12/24/14,2014,358,1819,0
12/25/14,2014,359,1820,0.01
12/26/14,2014,360,1821,0
12/27/14,2014,361,1822,0
12/28/14,2014,362,1823,0
12/29/14,2014,363,1824,0
12/30/14,2014,364,1825,0.49
12/31/14,2014,365,1826,0.03
1/1/15,2015,1,1827,0.01
1/2/15,2015,2,1828,0
1/3/15,2015,3,1829,0
1/4/15,2015,4,1830,0
1/5/15,2015,5,1831,0
1/6/15,2015,6,1832,0
1/7/15,2015,7,1833,0
1/8/15,2015,8,1834,0
1/9/15,2015,9,1835,-9999
1/10/15,2015,10,1836,-9999
1/11/15,2015,11,1837,-9999
1/12/15,2015,12,1838,0
1/13/15,2015,13,1839,0
1/14/15,2015,14,1840,0
1/15/15,2015,15,1841,0
1/16/15,2015,16,1842,0
1/17/15,2015,17,1843,0
1/18/15,2015,18,1844,0
1/19/15,2015,19,1845,0
1/20/15,2015,20,1846,0
1/21/15,2015,21,1847,0
1/22/15,2015,22,1848,0
1/23/15,2015,23,1849,0
1/24/15,2015,24,1850,0
1/25/15,2015,25,1851,0
1/26/15,2015,26,1852,0.22
1/27/15,2015,27,1853,0
1/28/15,2015,28,1854,0
1/29/15,2015,29,1855,0
1/30/15,2015,30,1856,0.23
1/31/15,2015,31,1857,0.01
2/1/15,2015,32,1858,0
2/2/15,2015,33,1859,0
2/3/15,2015,34,1860,0
2/4/15,2015,35,1861,0
2/5/15,2015,36,1862,0
2/6/15,2015,37,1863,0
2/7/15,2015,38,1864,0
2/8/15,2015,39,1865,0
2/9/15,2015,40,1866,0
2/10/15,2015,41,1867,0
2/11/15,2015,42,1868,0
2/12/15,2015,43,1869,0
2/13/15,2015,44,1870,0
2/14/15,2015,45,1871,0
2/15/15,2015,46,1872,0
2/16/15,2015,47,1873,0
2/17/15,2015,48,1874,0
2/18/15,2015,49,1875,0
2/19/15,2015,50,1876,0
2/20/15,2015,51,1877,0
2/21/15,2015,52,1878,0
2/22/15,2015,53,1879,1.51
2/23/15,2015,54,1880,0.73
2/24/15,2015,55,1881,0
2/25/15,2015,56,1882,0
2/26/15,2015,57,1883,0
2/27/15,2015,58,1884,0.02
2/28/15,2015,59,1885,0.27
3/1/15,2015,60,1886,0.99
3/2/15,2015,61,1887,0.51
3/3/15,2015,62,1888,0
3/4/15,2015,63,1889,0
3/5/15,2015,64,1890,0
3/6/15,2015,65,1891,0
3/7/15,2015,66,1892,0
3/8/15,2015,67,1893,0
3/9/15,2015,68,1894,0
3/10/15,2015,69,1895,0
3/11/15,2015,70,1896,0
3/12/15,2015,71,1897,0
3/13/15,2015,72,1898,0
3/14/15,2015,73,1899,0
3/15/15,2015,74,1900,0
3/16/15,2015,75,1901,0
3/17/15,2015,76,1902,0
3/18/15,2015,77,1903,0
3/19/15,2015,78,1904,0
3/20/15,2015,79,1905,0
3/21/15,2015,80,1906,0
3/22/15,2015,81,1907,0
3/23/15,2015,82,1908,0
3/24/15,2015,83,1909,0
3/25/15,2015,84,1910,0
3/26/15,2015,85,1911,0
3/27/15,2015,86,1912,0
3/28/15,2015,87,1913,0
3/29/15,2015,88,1914,0
3/30/15,2015,89,1915,0
3/31/15,2015,90,1916,0
4/1/15,2015,91,1917,0
4/2/15,2015,92,1918,0
4/3/15,2015,93,1919,0
4/4/15,2015,94,1920,0
4/5/15,2015,95,1921,0
4/6/15,2015,96,1922,0
4/7/15,2015,97,1923,0.31
4/8/15,2015,98,1924,0.04
4/9/15,2015,99,1925,0
4/10/15,2015,100,1926,0
4/11/15,2015,101,1927,0
4/12/15,2015,102,1928,0
4/13/15,2015,103,1929,0
4/14/15,2015,104,1930,0
4/15/15,2015,105,1931,0
4/16/15,2015,106,1932,0
4/17/15,2015,107,1933,0
4/18/15,2015,108,1934,0
4/19/15,2015,109,1935,0
4/20/15,2015,110,1936,0
4/21/15,2015,111,1937,0
4/22/15,2015,112,1938,0
4/23/15,2015,113,1939,0.03
4/24/15,2015,114,1940,0.25
4/25/15,2015,115,1941,1.54
4/26/15,2015,116,1942,0
4/27/15,2015,117,1943,0
4/28/15,2015,118,1944,0
4/29/15,2015,119,1945,0
4/30/15,2015,120,1946,0
5/1/15,2015,121,1947,0
5/2/15,2015,122,1948,0
5/3/15,2015,123,1949,0
5/4/15,2015,124,1950,0
5/5/15,2015,125,1951,0
5/6/15,2015,126,1952,0
5/7/15,2015,127,1953,0
5/8/15,2015,128,1954,0.76
5/9/15,2015,129,1955,0
5/10/15,2015,130,1956,0
5/11/15,2015,131,1957,0
5/12/15,2015,132,1958,0
5/13/15,2015,133,1959,0
5/14/15,2015,134,1960,1.3
5/15/15,2015,135,1961,0.33
5/16/15,2015,136,1962,0.01
5/17/15,2015,137,1963,0
5/18/15,2015,138,1964,0
5/19/15,2015,139,1965,0
5/20/15,2015,140,1966,0
5/21/15,2015,141,1967,0.07
5/22/15,2015,142,1968,0.24
5/23/15,2015,143,1969,0.01
5/24/15,2015,144,1970,0.05
5/25/15,2015,145,1971,0
5/26/15,2015,146,1972,0
5/27/15,2015,147,1973,0
5/28/15,2015,148,1974,0
5/29/15,2015,149,1975,0
5/30/15,2015,150,1976,0
5/31/15,2015,151,1977,0
6/1/15,2015,152,1978,0
6/2/15,2015,153,1979,0
6/3/15,2015,154,1980,0
6/4/15,2015,155,1981,0
6/5/15,2015,156,1982,0
6/6/15,2015,157,1983,0
6/7/15,2015,158,1984,0
6/8/15,2015,159,1985,0
6/9/15,2015,160,1986,0.01
6/10/15,2015,161,1987,0
6/11/15,2015,162,1988,0
6/12/15,2015,163,1989,0
6/13/15,2015,164,1990,0
6/14/15,2015,165,1991,0
6/15/15,2015,166,1992,0
6/16/15,2015,167,1993,0
6/17/15,2015,168,1994,0
6/18/15,2015,169,1995,0
6/19/15,2015,170,1996,0
6/20/15,2015,171,1997,0
6/21/15,2015,172,1998,0
6/22/15,2015,173,1999,0
6/23/15,2015,174,2000,0
6/24/15,2015,175,2001,0
6/25/15,2015,176,2002,0
6/26/15,2015,177,2003,0
6/27/15,2015,178,2004,0
6/28/15,2015,179,2005,0.12
6/29/15,2015,180,2006,0
6/30/15,2015,181,2007,0
7/1/15,2015,182,2008,0.01
7/2/15,2015,183,2009,0
7/3/15,2015,184,2010,0
7/4/15,2015,185,2011,0
7/5/15,2015,186,2012,0
7/6/15,2015,187,2013,0
7/7/15,2015,188,2014,0
7/8/15,2015,189,2015,0
7/9/15,2015,190,2016,0
7/10/15,2015,191,2017,0
7/11/15,2015,192,2018,0
7/12/15,2015,193,2019,0
7/13/15,2015,194,2020,0
7/14/15,2015,195,2021,0
7/15/15,2015,196,2022,0
7/16/15,2015,197,2023,0
7/17/15,2015,198,2024,0
7/18/15,2015,199,2025,0.99
7/19/15,2015,200,2026,1.64
7/20/15,2015,201,2027,0
7/21/15,2015,202,2028,0
7/22/15,2015,203,2029,0
7/23/15,2015,204,2030,0
7/24/15,2015,205,2031,0
7/25/15,2015,206,2032,0
7/26/15,2015,207,2033,0
7/27/15,2015,208,2034,0
7/28/15,2015,209,2035,0
7/29/15,2015,210,2036,0
7/30/15,2015,211,2037,0.22
7/31/15,2015,212,2038,0
8/1/15,2015,213,2039,0
8/2/15,2015,214,2040,0
8/3/15,2015,215,2041,0
8/4/15,2015,216,2042,0
8/5/15,2015,217,2043,0
8/6/15,2015,218,2044,0
8/7/15,2015,219,2045,0
8/8/15,2015,220,2046,0
8/9/15,2015,221,2047,0
8/10/15,2015,222,2048,0
8/11/15,2015,223,2049,0
8/12/15,2015,224,2050,0
8/13/15,2015,225,2051,0
8/14/15,2015,226,2052,0
8/15/15,2015,227,2053,0
8/16/15,2015,228,2054,0
8/17/15,2015,229,2055,0
8/18/15,2015,230,2056,0
8/19/15,2015,231,2057,0
8/20/15,2015,232,2058,0
8/21/15,2015,233,2059,0
8/22/15,2015,234,2060,0
8/23/15,2015,235,2061,0
8/24/15,2015,236,2062,0
8/25/15,2015,237,2063,0
8/26/15,2015,238,2064,0
8/27/15,2015,239,2065,0
8/28/15,2015,240,2066,0
8/29/15,2015,241,2067,0
8/30/15,2015,242,2068,0
8/31/15,2015,243,2069,0
9/1/15,2015,244,2070,0
9/2/15,2015,245,2071,0
9/3/15,2015,246,2072,0
9/4/15,2015,247,2073,0
9/5/15,2015,248,2074,0
9/6/15,2015,249,2075,0
9/7/15,2015,250,2076,0
9/8/15,2015,251,2077,0.11
9/9/15,2015,252,2078,0.17
9/10/15,2015,253,2079,0
9/11/15,2015,254,2080,0
9/12/15,2015,255,2081,0
9/13/15,2015,256,2082,0
9/14/15,2015,257,2083,0
9/15/15,2015,258,2084,1.14
9/16/15,2015,259,2085,0.02
9/17/15,2015,260,2086,0
9/18/15,2015,261,2087,0
9/19/15,2015,262,2088,0
9/20/15,2015,263,2089,0
9/21/15,2015,264,2090,0
9/22/15,2015,265,2091,0.02
9/23/15,2015,266,2092,0
9/24/15,2015,267,2093,0
9/25/15,2015,268,2094,0
9/26/15,2015,269,2095,0
9/27/15,2015,270,2096,0
9/28/15,2015,271,2097,0
9/29/15,2015,272,2098,0
9/30/15,2015,273,2099,0
10/1/15,2015,274,2100,0
10/2/15,2015,275,2101,0
10/3/15,2015,276,2102,0
10/4/15,2015,277,2103,1.12
10/5/15,2015,278,2104,0.53
10/6/15,2015,279,2105,0
10/7/15,2015,280,2106,0
10/8/15,2015,281,2107,0
10/9/15,2015,282,2108,0
10/10/15,2015,283,2109,0
10/11/15,2015,284,2110,0
10/12/15,2015,285,2111,0
10/13/15,2015,286,2112,0
10/14/15,2015,287,2113,0
10/15/15,2015,288,2114,0.07
10/16/15,2015,289,2115,0
10/17/15,2015,290,2116,0.4
10/18/15,2015,291,2117,0
10/19/15,2015,292,2118,0
10/20/15,2015,293,2119,0
10/21/15,2015,294,2120,0
10/22/15,2015,295,2121,0
10/23/15,2015,296,2122,0
10/24/15,2015,297,2123,0
10/25/15,2015,298,2124,0
10/26/15,2015,299,2125,0
10/27/15,2015,300,2126,0
10/28/15,2015,301,2127,0
10/29/15,2015,302,2128,0
10/30/15,2015,303,2129,0
10/31/15,2015,304,2130,0
11/1/15,2015,305,2131,0
11/2/15,2015,306,2132,1.05
11/3/15,2015,307,2133,0.41
11/4/15,2015,308,2134,0
11/5/15,2015,309,2135,0
11/6/15,2015,310,2136,0
11/7/15,2015,311,2137,0
11/8/15,2015,312,2138,0
11/9/15,2015,313,2139,0.04
11/10/15,2015,314,2140,0.14
11/11/15,2015,315,2141,0
11/12/15,2015,316,2142,0.01
11/13/15,2015,317,2143,0
11/14/15,2015,318,2144,0
11/15/15,2015,319,2145,0.05
11/16/15,2015,320,2146,0
11/17/15,2015,321,2147,0
11/18/15,2015,322,2148,0
11/19/15,2015,323,2149,0
11/20/15,2015,324,2150,0
11/21/15,2015,325,2151,0
11/22/15,2015,326,2152,0
11/23/15,2015,327,2153,0
11/24/15,2015,328,2154,0
11/25/15,2015,329,2155,0.34
11/26/15,2015,330,2156,0
11/27/15,2015,331,2157,0.12
11/28/15,2015,332,2158,0.01
11/29/15,2015,333,2159,0
11/30/15,2015,334,2160,0
12/1/15,2015,335,2161,0
12/2/15,2015,336,2162,0
12/3/15,2015,337,2163,0
12/4/15,2015,338,2164,0
12/5/15,2015,339,2165,0
12/6/15,2015,340,2166,0
12/7/15,2015,341,2167,0
12/8/15,2015,342,2168,0
12/9/15,2015,343,2169,0
12/10/15,2015,344,2170,0.02
12/11/15,2015,345,2171,0.86
12/12/15,2015,346,2172,0
12/13/15,2015,347,2173,0.93
12/14/15,2015,348,2174,0
12/15/15,2015,349,2175,0
12/16/15,2015,350,2176,0
12/17/15,2015,351,2177,0
12/18/15,2015,352,2178,0
12/19/15,2015,353,2179,0.44
12/20/15,2015,354,2180,0
12/21/15,2015,355,2181,0
12/22/15,2015,356,2182,2.98
12/23/15,2015,357,2183,0
12/24/15,2015,358,2184,0.01
12/25/15,2015,359,2185,0.06
12/26/15,2015,360,2186,0
12/27/15,2015,361,2187,0
12/28/15,2015,362,2188,0.34
12/29/15,2015,363,2189,0
12/30/15,2015,364,2190,0
12/31/15,2015,365,2191,0
1/1/16,2016,1,2192,0
1/2/16,2016,2,2193,0
1/3/16,2016,3,2194,0
1/4/16,2016,4,2195,0.01
1/5/16,2016,5,2196,2.66
1/6/16,2016,6,2197,2.3
1/7/16,2016,7,2198,0.85
1/8/16,2016,8,2199,0
1/9/16,2016,9,2200,0
1/10/16,2016,10,2201,0
1/11/16,2016,11,2202,0
1/12/16,2016,12,2203,0
1/13/16,2016,13,2204,0
1/14/16,2016,14,2205,0
1/15/16,2016,15,2206,0
1/16/16,2016,16,2207,0
1/17/16,2016,17,2208,0
1/18/16,2016,18,2209,0
1/19/16,2016,19,2210,0.17
1/20/16,2016,20,2211,0
1/21/16,2016,21,2212,0
1/22/16,2016,22,2213,0
1/23/16,2016,23,2214,0
1/24/16,2016,24,2215,0
1/25/16,2016,25,2216,0
1/26/16,2016,26,2217,0
1/27/16,2016,27,2218,0
1/28/16,2016,28,2219,0
1/29/16,2016,29,2220,0
1/30/16,2016,30,2221,0
1/31/16,2016,31,2222,1.54
2/1/16,2016,32,2223,0
2/2/16,2016,33,2224,0
2/3/16,2016,34,2225,0
2/4/16,2016,35,2226,0
2/5/16,2016,36,2227,0
2/6/16,2016,37,2228,0
2/7/16,2016,38,2229,0
2/8/16,2016,39,2230,0
2/9/16,2016,40,2231,0
2/10/16,2016,41,2232,0
2/11/16,2016,42,2233,0
2/12/16,2016,43,2234,0
2/13/16,2016,44,2235,0
2/14/16,2016,45,2236,0
2/15/16,2016,46,2237,0
2/16/16,2016,47,2238,0
2/17/16,2016,48,2239,0.02
2/18/16,2016,49,2240,0.21
2/19/16,2016,50,2241,0
2/20/16,2016,51,2242,0
2/21/16,2016,52,2243,0
2/22/16,2016,53,2244,0
2/23/16,2016,54,2245,0
2/24/16,2016,55,2246,0
2/25/16,2016,56,2247,0
2/26/16,2016,57,2248,0
2/27/16,2016,58,2249,0
2/28/16,2016,59,2250,0
2/29/16,2016,60,2251,0
3/1/16,2016,61,2252,0
3/2/16,2016,62,2253,0
3/3/16,2016,63,2254,0
3/4/16,2016,64,2255,0
3/5/16,2016,65,2256,0
3/6/16,2016,66,2257,0.57
3/7/16,2016,67,2258,1.1
3/8/16,2016,68,2259,0.01
3/9/16,2016,69,2260,0
3/10/16,2016,70,2261,0
3/11/16,2016,71,2262,0.78
3/12/16,2016,72,2263,0
3/13/16,2016,73,2264,0
3/14/16,2016,74,2265,0
3/15/16,2016,75,2266,0
3/16/16,2016,76,2267,0
3/17/16,2016,77,2268,0
3/18/16,2016,78,2269,0
3/19/16,2016,79,2270,0
3/20/16,2016,80,2271,0
3/21/16,2016,81,2272,0
3/22/16,2016,82,2273,0
3/23/16,2016,83,2274,0
3/24/16,2016,84,2275,0
3/25/16,2016,85,2276,0
3/26/16,2016,86,2277,0
3/27/16,2016,87,2278,0
3/28/16,2016,88,2279,0
3/29/16,2016,89,2280,0.14
3/30/16,2016,90,2281,0
3/31/16,2016,91,2282,0
4/1/16,2016,92,2283,0
4/2/16,2016,93,2284,0
4/3/16,2016,94,2285,0
4/4/16,2016,95,2286,0
4/5/16,2016,96,2287,0
4/6/16,2016,97,2288,0
4/7/16,2016,98,2289,0
4/8/16,2016,99,2290,0.44
4/9/16,2016,100,2291,0.54
4/10/16,2016,101,2292,0.35
4/11/16,2016,102,2293,0.31
4/12/16,2016,103,2294,0
4/13/16,2016,104,2295,0
4/14/16,2016,105,2296,0
4/15/16,2016,106,2297,0
4/16/16,2016,107,2298,0
4/17/16,2016,108,2299,0
4/18/16,2016,109,2300,0
4/19/16,2016,110,2301,0
4/20/16,2016,111,2302,0
4/21/16,2016,112,2303,0
4/22/16,2016,113,2304,0
4/23/16,2016,114,2305,0
4/24/16,2016,115,2306,0
4/25/16,2016,116,2307,0.18
4/26/16,2016,117,2308,0
4/27/16,2016,118,2309,0
4/28/16,2016,119,2310,0.03
4/29/16,2016,120,2311,0
4/30/16,2016,121,2312,0
5/1/16,2016,122,2313,0.07
5/2/16,2016,123,2314,0
5/3/16,2016,124,2315,0
5/4/16,2016,125,2316,0
5/5/16,2016,126,2317,0.1
5/6/16,2016,127,2318,0.82
5/7/16,2016,128,2319,0.35
5/8/16,2016,129,2320,0
5/9/16,2016,130,2321,0
5/10/16,2016,131,2322,0
5/11/16,2016,132,2323,0
5/12/16,2016,133,2324,0
5/13/16,2016,134,2325,0
5/14/16,2016,135,2326,0
5/15/16,2016,136,2327,0
5/16/16,2016,137,2328,0
5/17/16,2016,138,2329,0.01
5/18/16,2016,139,2330,0
5/19/16,2016,140,2331,0
5/20/16,2016,141,2332,0
5/21/16,2016,142,2333,0
5/22/16,2016,143,2334,0
5/23/16,2016,144,2335,0
5/24/16,2016,145,2336,0
5/25/16,2016,146,2337,0
5/26/16,2016,147,2338,0
5/27/16,2016,148,2339,0
5/28/16,2016,149,2340,0
5/29/16,2016,150,2341,0
5/30/16,2016,151,2342,0
5/31/16,2016,152,2343,0
6/1/16,2016,153,2344,0
6/2/16,2016,154,2345,0
6/3/16,2016,155,2346,0
6/4/16,2016,156,2347,0
6/5/16,2016,157,2348,0
6/6/16,2016,158,2349,0
6/7/16,2016,159,2350,0
6/8/16,2016,160,2351,0
6/9/16,2016,161,2352,0
6/10/16,2016,162,2353,0
6/11/16,2016,163,2354,0
6/12/16,2016,164,2355,0
6/13/16,2016,165,2356,0
6/14/16,2016,166,2357,0
6/15/16,2016,167,2358,0
6/16/16,2016,168,2359,0
6/17/16,2016,169,2360,0
6/18/16,2016,170,2361,0
6/19/16,2016,171,2362,0
6/20/16,2016,172,2363,0
6/21/16,2016,173,2364,0
6/22/16,2016,174,2365,0
6/23/16,2016,175,2366,0
6/24/16,2016,176,2367,0
6/25/16,2016,177,2368,0
6/26/16,2016,178,2369,0
6/27/16,2016,179,2370,0
6/28/16,2016,180,2371,0
6/29/16,2016,181,2372,0
6/30/16,2016,182,2373,0
7/1/16,2016,183,2374,0
7/2/16,2016,184,2375,0
7/3/16,2016,185,2376,0
7/4/16,2016,186,2377,0
7/5/16,2016,187,2378,0
7/6/16,2016,188,2379,0
7/7/16,2016,189,2380,0
7/8/16,2016,190,2381,0
7/9/16,2016,191,2382,0
7/10/16,2016,192,2383,0
7/11/16,2016,193,2384,0
7/12/16,2016,194,2385,0
7/13/16,2016,195,2386,0
7/14/16,2016,196,2387,0
7/15/16,2016,197,2388,0
7/16/16,2016,198,2389,0
7/17/16,2016,199,2390,0
7/18/16,2016,200,2391,0
7/19/16,2016,201,2392,0
7/20/16,2016,202,2393,0
7/21/16,2016,203,2394,0
7/22/16,2016,204,2395,0
7/23/16,2016,205,2396,0
7/24/16,2016,206,2397,0
7/25/16,2016,207,2398,0
7/26/16,2016,208,2399,0
7/27/16,2016,209,2400,0
7/28/16,2016,210,2401,0
7/29/16,2016,211,2402,0
7/30/16,2016,212,2403,0
7/31/16,2016,213,2404,0
8/1/16,2016,214,2405,0
8/2/16,2016,215,2406,0
8/3/16,2016,216,2407,0
8/4/16,2016,217,2408,0
8/5/16,2016,218,2409,0
8/6/16,2016,219,2410,0
8/7/16,2016,220,2411,0
8/8/16,2016,221,2412,0
8/9/16,2016,222,2413,0
8/10/16,2016,223,2414,0
8/11/16,2016,224,2415,0
8/12/16,2016,225,2416,0
8/13/16,2016,226,2417,0
8/14/16,2016,227,2418,0
8/15/16,2016,228,2419,0
8/16/16,2016,229,2420,0
8/17/16,2016,230,2421,0
8/18/16,2016,231,2422,0
8/19/16,2016,232,2423,0
8/20/16,2016,233,2424,0
8/21/16,2016,234,2425,0
8/22/16,2016,235,2426,0
8/23/16,2016,236,2427,0
8/24/16,2016,237,2428,0
8/25/16,2016,238,2429,0
8/26/16,2016,239,2430,0
8/27/16,2016,240,2431,0
8/28/16,2016,241,2432,0
8/29/16,2016,242,2433,0
8/30/16,2016,243,2434,0
8/31/16,2016,244,2435,0
9/1/16,2016,245,2436,0
9/2/16,2016,246,2437,0
9/3/16,2016,247,2438,0
9/4/16,2016,248,2439,0
9/5/16,2016,249,2440,0
9/6/16,2016,250,2441,0
9/7/16,2016,251,2442,0
9/8/16,2016,252,2443,0
9/9/16,2016,253,2444,0
9/10/16,2016,254,2445,0
9/11/16,2016,255,2446,0
9/12/16,2016,256,2447,0
9/13/16,2016,257,2448,0
9/14/16,2016,258,2449,0
9/15/16,2016,259,2450,0
9/16/16,2016,260,2451,0
9/17/16,2016,261,2452,0
9/18/16,2016,262,2453,0
9/19/16,2016,263,2454,0
9/20/16,2016,264,2455,0.6
9/21/16,2016,265,2456,0.43
9/22/16,2016,266,2457,0
9/23/16,2016,267,2458,0
9/24/16,2016,268,2459,0
9/25/16,2016,269,2460,0
9/26/16,2016,270,2461,0
9/27/16,2016,271,2462,0
9/28/16,2016,272,2463,0
9/29/16,2016,273,2464,0
9/30/16,2016,274,2465,0
10/1/16,2016,275,2466,0
10/2/16,2016,276,2467,0
10/3/16,2016,277,2468,0
10/4/16,2016,278,2469,0
10/5/16,2016,279,2470,0
10/6/16,2016,280,2471,0
10/7/16,2016,281,2472,0
10/8/16,2016,282,2473,0
10/9/16,2016,283,2474,0
10/10/16,2016,284,2475,0
10/11/16,2016,285,2476,0
10/12/16,2016,286,2477,0
10/13/16,2016,287,2478,0
10/14/16,2016,288,2479,0
10/15/16,2016,289,2480,0
10/16/16,2016,290,2481,0
10/17/16,2016,291,2482,0
10/18/16,2016,292,2483,0
10/19/16,2016,293,2484,0
10/20/16,2016,294,2485,0
10/21/16,2016,295,2486,0
10/22/16,2016,296,2487,0
10/23/16,2016,297,2488,0
10/24/16,2016,298,2489,0.52
10/25/16,2016,299,2490,0.01
10/26/16,2016,300,2491,0
10/27/16,2016,301,2492,0
10/28/16,2016,302,2493,0
10/29/16,2016,303,2494,0
10/30/16,2016,304,2495,0.16
10/31/16,2016,305,2496,0
11/1/16,2016,306,2497,0
11/2/16,2016,307,2498,0
11/3/16,2016,308,2499,0
11/4/16,2016,309,2500,0
11/5/16,2016,310,2501,0
11/6/16,2016,311,2502,0
11/7/16,2016,312,2503,0
11/8/16,2016,313,2504,0
11/9/16,2016,314,2505,0
11/10/16,2016,315,2506,0
11/11/16,2016,316,2507,0
11/12/16,2016,317,2508,0
11/13/16,2016,318,2509,0
11/14/16,2016,319,2510,0
11/15/16,2016,320,2511,0
11/16/16,2016,321,2512,0
11/17/16,2016,322,2513,0
11/18/16,2016,323,2514,0
11/19/16,2016,324,2515,0
11/20/16,2016,325,2516,0
11/21/16,2016,326,2517,0.98
11/22/16,2016,327,2518,0
11/23/16,2016,328,2519,0
11/24/16,2016,329,2520,0
11/25/16,2016,330,2521,0
11/26/16,2016,331,2522,0.89
11/27/16,2016,332,2523,1.01
11/28/16,2016,333,2524,0
11/29/16,2016,334,2525,0
11/30/16,2016,335,2526,0
12/1/16,2016,336,2527,0
12/2/16,2016,337,2528,0
12/3/16,2016,338,2529,0
12/4/16,2016,339,2530,0
12/5/16,2016,340,2531,0
12/6/16,2016,341,2532,0
12/7/16,2016,342,2533,0
12/8/16,2016,343,2534,0
12/9/16,2016,344,2535,0
12/10/16,2016,345,2536,0
12/11/16,2016,346,2537,0
12/12/16,2016,347,2538,0
12/13/16,2016,348,2539,0
12/14/16,2016,349,2540,0
12/15/16,2016,350,2541,0.16
12/16/16,2016,351,2542,2.72
12/17/16,2016,352,2543,0
12/18/16,2016,353,2544,0
12/19/16,2016,354,2545,0
12/20/16,2016,355,2546,0
12/21/16,2016,356,2547,0.65
12/22/16,2016,357,2548,1.08
12/23/16,2016,358,2549,0.12
12/24/16,2016,359,2550,1.45
12/25/16,2016,360,2551,0
12/26/16,2016,361,2552,0
12/27/16,2016,362,2553,0
12/28/16,2016,363,2554,0
12/29/16,2016,364,2555,0
12/30/16,2016,365,2556,0.08
12/31/16,2016,366,2557,1.41
1/1/17,2017,1,2558,0.02
1/2/17,2017,2,2559,0
1/3/17,2017,3,2560,0
1/4/17,2017,4,2561,0
1/5/17,2017,5,2562,0.43
1/6/17,2017,6,2563,0
1/7/17,2017,7,2564,0
1/8/17,2017,8,2565,0
1/9/17,2017,9,2566,0.74
1/10/17,2017,10,2567,0
1/11/17,2017,11,2568,0.48
1/12/17,2017,12,2569,1.44
1/13/17,2017,13,2570,0.4
1/14/17,2017,14,2571,0
1/15/17,2017,15,2572,0
1/16/17,2017,16,2573,0
1/17/17,2017,17,2574,0
1/18/17,2017,18,2575,0.03
1/19/17,2017,19,2576,1.93
1/20/17,2017,20,2577,3.24
1/21/17,2017,21,2578,0
1/22/17,2017,22,2579,1.94
1/23/17,2017,23,2580,2.15
1/24/17,2017,24,2581,0.01
1/25/17,2017,25,2582,0
1/26/17,2017,26,2583,0
1/27/17,2017,27,2584,0
1/28/17,2017,28,2585,0
1/29/17,2017,29,2586,0
1/30/17,2017,30,2587,0
1/31/17,2017,31,2588,0
2/1/17,2017,32,2589,0
2/2/17,2017,33,2590,0
2/3/17,2017,34,2591,0.02
2/4/17,2017,35,2592,0
2/5/17,2017,36,2593,0
2/6/17,2017,37,2594,0.27
2/7/17,2017,38,2595,0.58
2/8/17,2017,39,2596,0
2/9/17,2017,40,2597,0
2/10/17,2017,41,2598,0
2/11/17,2017,42,2599,0.11
2/12/17,2017,43,2600,0
2/13/17,2017,44,2601,0
2/14/17,2017,45,2602,0
2/15/17,2017,46,2603,0
2/16/17,2017,47,2604,0
2/17/17,2017,48,2605,0.59
2/18/17,2017,49,2606,0.21
2/19/17,2017,50,2607,0.38
2/20/17,2017,51,2608,0
2/21/17,2017,52,2609,0
2/22/17,2017,53,2610,0
2/23/17,2017,54,2611,0
2/24/17,2017,55,2612,0
2/25/17,2017,56,2613,0
2/26/17,2017,57,2614,0.28
2/27/17,2017,58,2615,4.08
2/28/17,2017,59,2616,0.04
3/1/17,2017,60,2617,0
3/2/17,2017,61,2618,0
3/3/17,2017,62,2619,0
3/4/17,2017,63,2620,0
3/5/17,2017,64,2621,0.3
3/6/17,2017,65,2622,0
3/7/17,2017,66,2623,0
3/8/17,2017,67,2624,0
3/9/17,2017,68,2625,0
3/10/17,2017,69,2626,0
3/11/17,2017,70,2627,0
3/12/17,2017,71,2628,0
3/13/17,2017,72,2629,0
3/14/17,2017,73,2630,0
3/15/17,2017,74,2631,0
3/16/17,2017,75,2632,0
3/17/17,2017,76,2633,0
3/18/17,2017,77,2634,0
3/19/17,2017,78,2635,0
3/20/17,2017,79,2636,0
3/21/17,2017,80,2637,0.09
3/22/17,2017,81,2638,0.13
3/23/17,2017,82,2639,0.05
3/24/17,2017,83,2640,0
3/25/17,2017,84,2641,0
3/26/17,2017,85,2642,0
3/27/17,2017,86,2643,0
3/28/17,2017,87,2644,0
3/29/17,2017,88,2645,0
3/30/17,2017,89,2646,0
3/31/17,2017,90,2647,0
4/1/17,2017,91,2648,0
4/2/17,2017,92,2649,0
4/3/17,2017,93,2650,0
4/4/17,2017,94,2651,0
4/5/17,2017,95,2652,0
4/6/17,2017,96,2653,0
4/7/17,2017,97,2654,0
4/8/17,2017,98,2655,0.04
4/9/17,2017,99,2656,0
4/10/17,2017,100,2657,0
4/11/17,2017,101,2658,0
4/12/17,2017,102,2659,0
4/13/17,2017,103,2660,0
4/14/17,2017,104,2661,0
4/15/17,2017,105,2662,0
4/16/17,2017,106,2663,0
4/17/17,2017,107,2664,0
4/18/17,2017,108,2665,0
4/19/17,2017,109,2666,0
4/20/17,2017,110,2667,0
4/21/17,2017,111,2668,0
4/22/17,2017,112,2669,0
4/23/17,2017,113,2670,0
4/24/17,2017,114,2671,0
4/25/17,2017,115,2672,0
4/26/17,2017,116,2673,0
4/27/17,2017,117,2674,0
4/28/17,2017,118,2675,0
4/29/17,2017,119,2676,0
4/30/17,2017,120,2677,0
5/1/17,2017,121,2678,0
5/2/17,2017,122,2679,0
5/3/17,2017,123,2680,0
5/4/17,2017,124,2681,0
5/5/17,2017,125,2682,0
5/6/17,2017,126,2683,0
5/7/17,2017,127,2684,0
5/8/17,2017,128,2685,0
5/9/17,2017,129,2686,0
5/10/17,2017,130,2687,0
5/11/17,2017,131,2688,0
5/12/17,2017,132,2689,0
5/13/17,2017,133,2690,0
5/14/17,2017,134,2691,0
5/15/17,2017,135,2692,0
5/16/17,2017,136,2693,0
5/17/17,2017,137,2694,0
5/18/17,2017,138,2695,0
5/19/17,2017,139,2696,0
5/20/17,2017,140,2697,0
5/21/17,2017,141,2698,0
5/22/17,2017,142,2699,0
5/23/17,2017,143,2700,0
5/24/17,2017,144,2701,0
5/25/17,2017,145,2702,0
5/26/17,2017,146,2703,0
5/27/17,2017,147,2704,0
5/28/17,2017,148,2705,0
5/29/17,2017,149,2706,0
5/30/17,2017,150,2707,0
5/31/17,2017,151,2708,0
6/1/17,2017,152,2709,0
6/2/17,2017,153,2710,0
6/3/17,2017,154,2711,0
6/4/17,2017,155,2712,0
6/5/17,2017,156,2713,0
6/6/17,2017,157,2714,0
6/7/17,2017,158,2715,0
6/8/17,2017,159,2716,0
6/9/17,2017,160,2717,0
6/10/17,2017,161,2718,0
6/11/17,2017,162,2719,0
6/12/17,2017,163,2720,0
6/13/17,2017,164,2721,0
6/14/17,2017,165,2722,0
6/15/17,2017,166,2723,0
6/16/17,2017,167,2724,0
6/17/17,2017,168,2725,0
6/18/17,2017,169,2726,0
6/19/17,2017,170,2727,0
6/20/17,2017,171,2728,0
6/21/17,2017,172,2729,0
6/22/17,2017,173,2730,0
6/23/17,2017,174,2731,0
6/24/17,2017,175,2732,0
6/25/17,2017,176,2733,0
6/26/17,2017,177,2734,0
6/27/17,2017,178,2735,0
6/28/17,2017,179,2736,0
6/29/17,2017,180,2737,0
6/30/17,2017,181,2738,0
7/1/17,2017,182,2739,0
7/2/17,2017,183,2740,0
7/3/17,2017,184,2741,0
7/4/17,2017,185,2742,0
7/5/17,2017,186,2743,0
7/6/17,2017,187,2744,0
7/7/17,2017,188,2745,0
7/8/17,2017,189,2746,0
7/9/17,2017,190,2747,0.08
7/10/17,2017,191,2748,0
7/11/17,2017,192,2749,0
7/12/17,2017,193,2750,0
7/13/17,2017,194,2751,0
7/14/17,2017,195,2752,0
7/15/17,2017,196,2753,0
7/16/17,2017,197,2754,0
7/17/17,2017,198,2755,0
7/18/17,2017,199,2756,0
7/19/17,2017,200,2757,0
7/20/17,2017,201,2758,0
7/21/17,2017,202,2759,0
7/22/17,2017,203,2760,0
7/23/17,2017,204,2761,0
7/24/17,2017,205,2762,0
7/25/17,2017,206,2763,0
7/26/17,2017,207,2764,0
7/27/17,2017,208,2765,0
7/28/17,2017,209,2766,0
7/29/17,2017,210,2767,0
7/30/17,2017,211,2768,0
7/31/17,2017,212,2769,0
8/1/17,2017,213,2770,0.04
8/2/17,2017,214,2771,0.07
8/3/17,2017,215,2772,0.05
8/4/17,2017,216,2773,0
8/5/17,2017,217,2774,0
8/6/17,2017,218,2775,0
8/7/17,2017,219,2776,0
8/8/17,2017,220,2777,0
8/9/17,2017,221,2778,0
8/10/17,2017,222,2779,0
8/11/17,2017,223,2780,0
8/12/17,2017,224,2781,0
8/13/17,2017,225,2782,0
8/14/17,2017,226,2783,0
8/15/17,2017,227,2784,0
8/16/17,2017,228,2785,0
8/17/17,2017,229,2786,0
8/18/17,2017,230,2787,0
8/19/17,2017,231,2788,0
8/20/17,2017,232,2789,0
8/21/17,2017,233,2790,0
8/22/17,2017,234,2791,0
8/23/17,2017,235,2792,0
8/24/17,2017,236,2793,0
8/25/17,2017,237,2794,0
8/26/17,2017,238,2795,0
8/27/17,2017,239,2796,0
8/28/17,2017,240,2797,0.02
8/29/17,2017,241,2798,0
8/30/17,2017,242,2799,0
8/31/17,2017,243,2800,0.19
9/1/17,2017,244,2801,0.01
9/2/17,2017,245,2802,0
9/3/17,2017,246,2803,0
9/4/17,2017,247,2804,0
9/5/17,2017,248,2805,0
9/6/17,2017,249,2806,0.01
9/7/17,2017,250,2807,0
9/8/17,2017,251,2808,0.02
9/9/17,2017,252,2809,0.02
9/10/17,2017,253,2810,0
9/11/17,2017,254,2811,0
9/12/17,2017,255,2812,0
9/13/17,2017,256,2813,0
9/14/17,2017,257,2814,0
9/15/17,2017,258,2815,0
9/16/17,2017,259,2816,0
9/17/17,2017,260,2817,0
9/18/17,2017,261,2818,0
9/19/17,2017,262,2819,0
9/20/17,2017,263,2820,0
9/21/17,2017,264,2821,0
9/22/17,2017,265,2822,0
9/23/17,2017,266,2823,0
9/24/17,2017,267,2824,0
9/25/17,2017,268,2825,0
9/26/17,2017,269,2826,0
9/27/17,2017,270,2827,0
9/28/17,2017,271,2828,0
9/29/17,2017,272,2829,0
9/30/17,2017,273,2830,0
10/1/17,2017,274,2831,0
10/2/17,2017,275,2832,0
10/3/17,2017,276,2833,0
10/4/17,2017,277,2834,0
10/5/17,2017,278,2835,0
10/6/17,2017,279,2836,0
10/7/17,2017,280,2837,0
10/8/17,2017,281,2838,0
10/9/17,2017,282,2839,0
10/10/17,2017,283,2840,0
10/11/17,2017,284,2841,0
10/12/17,2017,285,2842,0
10/13/17,2017,286,2843,0
10/14/17,2017,287,2844,0
10/15/17,2017,288,2845,0
10/16/17,2017,289,2846,0
10/17/17,2017,290,2847,0
10/18/17,2017,291,2848,0
10/19/17,2017,292,2849,0
10/20/17,2017,293,2850,0.02
10/21/17,2017,294,2851,0.01
10/22/17,2017,295,2852,0
10/23/17,2017,296,2853,0
10/24/17,2017,297,2854,0
10/25/17,2017,298,2855,0
10/26/17,2017,299,2856,0
10/27/17,2017,300,2857,0
10/28/17,2017,301,2858,0
10/29/17,2017,302,2859,0
10/30/17,2017,303,2860,0
10/31/17,2017,304,2861,0
11/1/17,2017,305,2862,0
11/2/17,2017,306,2863,0
11/3/17,2017,307,2864,0
11/4/17,2017,308,2865,0
11/5/17,2017,309,2866,0
11/6/17,2017,310,2867,0
11/7/17,2017,311,2868,0
11/8/17,2017,312,2869,0
11/9/17,2017,313,2870,0
11/10/17,2017,314,2871,0
11/11/17,2017,315,2872,0
11/12/17,2017,316,2873,0
11/13/17,2017,317,2874,0
11/14/17,2017,318,2875,0
11/15/17,2017,319,2876,0
11/16/17,2017,320,2877,0
11/17/17,2017,321,2878,0.14
11/18/17,2017,322,2879,0
11/19/17,2017,323,2880,0
11/20/17,2017,324,2881,0
11/21/17,2017,325,2882,0
11/22/17,2017,326,2883,0
11/23/17,2017,327,2884,0
11/24/17,2017,328,2885,0
11/25/17,2017,329,2886,0
11/26/17,2017,330,2887,0
11/27/17,2017,331,2888,0.02
11/28/17,2017,332,2889,0
11/29/17,2017,333,2890,0
11/30/17,2017,334,2891,0
12/1/17,2017,335,2892,0
12/2/17,2017,336,2893,0
12/3/17,2017,337,2894,0
12/4/17,2017,338,2895,0
12/5/17,2017,339,2896,0
12/6/17,2017,340,2897,0
12/7/17,2017,341,2898,0
12/8/17,2017,342,2899,0
12/9/17,2017,343,2900,0
12/10/17,2017,344,2901,0
12/11/17,2017,345,2902,0
12/12/17,2017,346,2903,0
12/13/17,2017,347,2904,0
12/14/17,2017,348,2905,0
12/15/17,2017,349,2906,0
12/16/17,2017,350,2907,0
12/17/17,2017,351,2908,0
12/18/17,2017,352,2909,0
12/19/17,2017,353,2910,0
12/20/17,2017,354,2911,0
12/21/17,2017,355,2912,0
12/22/17,2017,356,2913,0
12/23/17,2017,357,2914,0
12/24/17,2017,358,2915,0
12/25/17,2017,359,2916,0
12/26/17,2017,360,2917,0
12/27/17,2017,361,2918,0
12/28/17,2017,362,2919,0
12/29/17,2017,363,2920,0
12/30/17,2017,364,2921,0
12/31/17,2017,365,2922,0
1/1/18,2018,1,2923,0
1/2/18,2018,2,2924,0
1/3/18,2018,3,2925,0
1/4/18,2018,4,2926,0
1/5/18,2018,5,2927,0
1/6/18,2018,6,2928,0
1/7/18,2018,7,2929,0
1/8/18,2018,8,2930,0.52
1/9/18,2018,9,2931,4.64
1/10/18,2018,10,2932,0.05
1/11/18,2018,11,2933,0
1/12/18,2018,12,2934,0
1/13/18,2018,13,2935,0
1/14/18,2018,14,2936,0
1/15/18,2018,15,2937,0
1/16/18,2018,16,2938,0
1/17/18,2018,17,2939,0
1/18/18,2018,18,2940,0
1/19/18,2018,19,2941,0.16
1/20/18,2018,20,2942,0.13
1/21/18,2018,21,2943,0.06
1/22/18,2018,22,2944,0
1/23/18,2018,23,2945,0
1/24/18,2018,24,2946,-9999
1/25/18,2018,25,2947,0
1/26/18,2018,26,2948,0
1/27/18,2018,27,2949,0
1/28/18,2018,28,2950,0
1/29/18,2018,29,2951,0
1/30/18,2018,30,2952,0
1/31/18,2018,31,2953,0
2/1/18,2018,32,2954,0
2/2/18,2018,33,2955,0
2/3/18,2018,34,2956,0
2/4/18,2018,35,2957,0
2/5/18,2018,36,2958,0
2/6/18,2018,37,2959,0
2/7/18,2018,38,2960,0
2/8/18,2018,39,2961,0
2/9/18,2018,40,2962,0
2/10/18,2018,41,2963,0
2/11/18,2018,42,2964,0
2/12/18,2018,43,2965,0.03
2/13/18,2018,44,2966,0.09
2/14/18,2018,45,2967,0.01
2/15/18,2018,46,2968,0
2/16/18,2018,47,2969,0
2/17/18,2018,48,2970,0
2/18/18,2018,49,2971,0
2/19/18,2018,50,2972,0.05
2/20/18,2018,51,2973,0.06
2/21/18,2018,52,2974,0
2/22/18,2018,53,2975,0.01
2/23/18,2018,54,2976,0
2/24/18,2018,55,2977,0
2/25/18,2018,56,2978,0
2/26/18,2018,57,2979,0
2/27/18,2018,58,2980,0.25
2/28/18,2018,59,2981,0.45
3/1/18,2018,60,2982,0
3/2/18,2018,61,2983,0.15
3/3/18,2018,62,2984,0.38
3/4/18,2018,63,2985,0
3/5/18,2018,64,2986,0
3/6/18,2018,65,2987,0
3/7/18,2018,66,2988,0
3/8/18,2018,67,2989,0
3/9/18,2018,68,2990,0
3/10/18,2018,69,2991,1.71
3/11/18,2018,70,2992,0.21
3/12/18,2018,71,2993,0
3/13/18,2018,72,2994,0.53
3/14/18,2018,73,2995,0.35
3/15/18,2018,74,2996,1.15
3/16/18,2018,75,2997,0
3/17/18,2018,76,2998,0.6
3/18/18,2018,77,2999,0.09
3/19/18,2018,78,3000,0
3/20/18,2018,79,3001,0
3/21/18,2018,80,3002,0
3/22/18,2018,81,3003,1.38
3/23/18,2018,82,3004,0.3
3/24/18,2018,83,3005,0
3/25/18,2018,84,3006,0
3/26/18,2018,85,3007,0
3/27/18,2018,86,3008,0
3/28/18,2018,87,3009,0
3/29/18,2018,88,3010,0
3/30/18,2018,89,3011,0
3/31/18,2018,90,3012,0
4/1/18,2018,91,3013,0
4/2/18,2018,92,3014,0
4/3/18,2018,93,3015,0
4/4/18,2018,94,3016,0
4/5/18,2018,95,3017,0
4/6/18,2018,96,3018,0
4/7/18,2018,97,3019,0
4/8/18,2018,98,3020,0
4/9/18,2018,99,3021,0
4/10/18,2018,100,3022,0
4/11/18,2018,101,3023,0
4/12/18,2018,102,3024,0
4/13/18,2018,103,3025,0
4/14/18,2018,104,3026,0
4/15/18,2018,105,3027,0
4/16/18,2018,106,3028,0
4/17/18,2018,107,3029,0
4/18/18,2018,108,3030,0
4/19/18,2018,109,3031,0.06
4/20/18,2018,110,3032,0
4/21/18,2018,111,3033,0
4/22/18,2018,112,3034,0
4/23/18,2018,113,3035,0
4/24/18,2018,114,3036,0
4/25/18,2018,115,3037,0
4/26/18,2018,116,3038,0
4/27/18,2018,117,3039,0
4/28/18,2018,118,3040,0
4/29/18,2018,119,3041,0
4/30/18,2018,120,3042,0.05
5/1/18,2018,121,3043,0.2
5/2/18,2018,122,3044,0.4
5/3/18,2018,123,3045,0
5/4/18,2018,124,3046,0
5/5/18,2018,125,3047,0
5/6/18,2018,126,3048,0
5/7/18,2018,127,3049,0
5/8/18,2018,128,3050,0
5/9/18,2018,129,3051,0
5/10/18,2018,130,3052,0
5/11/18,2018,131,3053,0
5/12/18,2018,132,3054,0
5/13/18,2018,133,3055,0
5/14/18,2018,134,3056,0
5/15/18,2018,135,3057,0
5/16/18,2018,136,3058,0
5/17/18,2018,137,3059,0
5/18/18,2018,138,3060,0
5/19/18,2018,139,3061,0
5/20/18,2018,140,3062,0
5/21/18,2018,141,3063,0
5/22/18,2018,142,3064,0
5/23/18,2018,143,3065,0
5/24/18,2018,144,3066,0
5/25/18,2018,145,3067,0
5/26/18,2018,146,3068,0
5/27/18,2018,147,3069,0
5/28/18,2018,148,3070,0
5/29/18,2018,149,3071,0
5/30/18,2018,150,3072,0
5/31/18,2018,151,3073,0
6/1/18,2018,152,3074,0
6/2/18,2018,153,3075,0
6/3/18,2018,154,3076,0
6/4/18,2018,155,3077,0
6/5/18,2018,156,3078,0
6/6/18,2018,157,3079,0
6/7/18,2018,158,3080,0
6/8/18,2018,159,3081,0
6/9/18,2018,160,3082,0
6/10/18,2018,161,3083,0
6/11/18,2018,162,3084,0
6/12/18,2018,163,3085,0
6/13/18,2018,164,3086,0
6/14/18,2018,165,3087,0
6/15/18,2018,166,3088,0
6/16/18,2018,167,3089,0
6/17/18,2018,168,3090,0
6/18/18,2018,169,3091,0
6/19/18,2018,170,3092,0
6/20/18,2018,171,3093,0
6/21/18,2018,172,3094,0
6/22/18,2018,173,3095,0
6/23/18,2018,174,3096,0
6/24/18,2018,175,3097,0
6/25/18,2018,176,3098,0
6/26/18,2018,177,3099,0
6/27/18,2018,178,3100,0
6/28/18,2018,179,3101,0
6/29/18,2018,180,3102,0
6/30/18,2018,181,3103,0
7/1/18,2018,182,3104,0
7/2/18,2018,183,3105,0
7/3/18,2018,184,3106,0
7/4/18,2018,185,3107,0
7/5/18,2018,186,3108,0
7/6/18,2018,187,3109,0
7/7/18,2018,188,3110,0.76
7/8/18,2018,189,3111,0
7/9/18,2018,190,3112,0
7/10/18,2018,191,3113,0
7/11/18,2018,192,3114,1.27
7/12/18,2018,193,3115,0.76
7/13/18,2018,194,3116,0
7/14/18,2018,195,3117,0
7/15/18,2018,196,3118,0
7/16/18,2018,197,3119,0
7/17/18,2018,198,3120,0
7/18/18,2018,199,3121,0.25
7/19/18,2018,200,3122,0
7/20/18,2018,201,3123,0
7/21/18,2018,202,3124,0
7/22/18,2018,203,3125,0
7/23/18,2018,204,3126,0
7/24/18,2018,205,3127,0
7/25/18,2018,206,3128,0
7/26/18,2018,207,3129,0
7/27/18,2018,208,3130,-9999
7/28/18,2018,209,3131,-9999
7/29/18,2018,210,3132,-9999
7/30/18,2018,211,3133,-9999
7/31/18,2018,212,3134,-9999
8/1/18,2018,213,3135,-9999
8/2/18,2018,214,3136,-9999
8/3/18,2018,215,3137,-9999
8/4/18,2018,216,3138,-9999
8/5/18,2018,217,3139,-9999
8/6/18,2018,218,3140,-9999
8/7/18,2018,219,3141,-9999
8/8/18,2018,220,3142,-9999
8/9/18,2018,221,3143,-9999
8/10/18,2018,222,3144,-9999
8/11/18,2018,223,3145,0
8/12/18,2018,224,3146,0
8/13/18,2018,225,3147,0
8/14/18,2018,226,3148,0
8/15/18,2018,227,3149,0
8/16/18,2018,228,3150,0
8/17/18,2018,229,3151,4.06
8/18/18,2018,230,3152,0
8/19/18,2018,231,3153,0
8/20/18,2018,232,3154,0
8/21/18,2018,233,3155,0
8/22/18,2018,234,3156,0
8/23/18,2018,235,3157,0
8/24/18,2018,236,3158,0
8/25/18,2018,237,3159,0
8/26/18,2018,238,3160,-9999
8/27/18,2018,239,3161,0
8/28/18,2018,240,3162,0
8/29/18,2018,241,3163,0
8/30/18,2018,242,3164,0
8/31/18,2018,243,3165,0
9/1/18,2018,244,3166,0
9/2/18,2018,245,3167,0
9/3/18,2018,246,3168,0
9/4/18,2018,247,3169,0
9/5/18,2018,248,3170,0
9/6/18,2018,249,3171,0
9/7/18,2018,250,3172,0
9/8/18,2018,251,3173,0
9/9/18,2018,252,3174,0
9/10/18,2018,253,3175,0
9/11/18,2018,254,3176,0
9/12/18,2018,255,3177,0
9/13/18,2018,256,3178,0
9/14/18,2018,257,3179,0
9/15/18,2018,258,3180,0
9/16/18,2018,259,3181,0
9/17/18,2018,260,3182,0
9/18/18,2018,261,3183,0
9/19/18,2018,262,3184,0
9/20/18,2018,263,3185,-9999
9/21/18,2018,264,3186,0
9/22/18,2018,265,3187,0
9/23/18,2018,266,3188,0
9/24/18,2018,267,3189,0
9/25/18,2018,268,3190,0
9/26/18,2018,269,3191,0
9/27/18,2018,270,3192,0
9/28/18,2018,271,3193,0
9/29/18,2018,272,3194,0
9/30/18,2018,273,3195,0
10/1/18,2018,274,3196,0.76
10/2/18,2018,275,3197,0.25
10/3/18,2018,276,3198,5.84
10/4/18,2018,277,3199,1.52
10/5/18,2018,278,3200,0
10/6/18,2018,279,3201,0
10/7/18,2018,280,3202,0.25
10/8/18,2018,281,3203,0
10/9/18,2018,282,3204,0
10/10/18,2018,283,3205,0
10/11/18,2018,284,3206,0
10/12/18,2018,285,3207,5.33
10/13/18,2018,286,3208,13.21
10/14/18,2018,287,3209,0
10/15/18,2018,288,3210,0
10/16/18,2018,289,3211,0
10/17/18,2018,290,3212,0
10/18/18,2018,291,3213,0
10/19/18,2018,292,3214,0
10/20/18,2018,293,3215,0
10/21/18,2018,294,3216,0
10/22/18,2018,295,3217,0
10/23/18,2018,296,3218,0
10/24/18,2018,297,3219,0
10/25/18,2018,298,3220,0
10/26/18,2018,299,3221,0
10/27/18,2018,300,3222,0
10/28/18,2018,301,3223,0
10/29/18,2018,302,3224,0
10/30/18,2018,303,3225,0
10/31/18,2018,304,3226,0
11/1/18,2018,305,3227,0
11/2/18,2018,306,3228,0
11/3/18,2018,307,3229,0
11/4/18,2018,308,3230,0
11/5/18,2018,309,3231,0
11/6/18,2018,310,3232,0
11/7/18,2018,311,3233,0
11/8/18,2018,312,3234,0
11/9/18,2018,313,3235,0
11/10/18,2018,314,3236,0
11/11/18,2018,315,3237,0
11/12/18,2018,316,3238,0
11/13/18,2018,317,3239,0
11/14/18,2018,318,3240,0
11/15/18,2018,319,3241,0
11/16/18,2018,320,3242,0
11/17/18,2018,321,3243,-9999
11/18/18,2018,322,3244,-9999
11/19/18,2018,323,3245,-9999
11/20/18,2018,324,3246,0
11/21/18,2018,325,3247,0
11/22/18,2018,326,3248,7.37
11/23/18,2018,327,3249,0
11/24/18,2018,328,3250,0
11/25/18,2018,329,3251,0
11/26/18,2018,330,3252,0
11/27/18,2018,331,3253,0
11/28/18,2018,332,3254,0
11/29/18,2018,333,3255,74.68
11/30/18,2018,334,3256,5.08
12/1/18,2018,335,3257,-9999
12/2/18,2018,336,3258,-9999
12/3/18,2018,337,3259,-9999
12/4/18,2018,338,3260,0
12/5/18,2018,339,3261,5.84
12/6/18,2018,340,3262,32.26
12/7/18,2018,341,3263,0
12/8/18,2018,342,3264,0
12/9/18,2018,343,3265,0
12/10/18,2018,344,3266,0
12/11/18,2018,345,3267,0
12/12/18,2018,346,3268,0
12/13/18,2018,347,3269,0
12/14/18,2018,348,3270,0
12/15/18,2018,349,3271,0
12/16/18,2018,350,3272,0
12/17/18,2018,351,3273,0
12/18/18,2018,352,3274,0
12/19/18,2018,353,3275,0
12/20/18,2018,354,3276,0
12/21/18,2018,355,3277,0
12/22/18,2018,356,3278,0
12/23/18,2018,357,3279,0
12/24/18,2018,358,3280,0
12/25/18,2018,359,3281,7.11
12/26/18,2018,360,3282,0
12/27/18,2018,361,3283,0
12/28/18,2018,362,3284,-9999
12/29/18,2018,363,3285,-9999
12/30/18,2018,364,3286,-9999
12/31/18,2018,365,3287,-9999